2026-04-08 21:55:31,984 - WARNING - Error processing https://sites.google.com: Message: session not created: Chrome failed to start: crashed.
  (session not created: DevToolsActivePort file doesn't exist)
  (The process started from chrome location C:\Program Files\Google\Chrome\Application\chrome.exe is no longer running, so ChromeDriver is assuming that Chrome has crashed.); For documentation on this error, please visit: https://www.selenium.dev/documentation/webdriver/troubleshooting/errors#sessionnotcreatedexception
Stacktrace:
	chromedriver!GetHandleVerifier [0x7ff6115329c5+2ed785]
	chromedriver!GetHandleVerifier [0x7ff61125a0d0+14e90]
	chromedriver!(No symbol) [0x7ff610fbdb2d]
	chromedriver!(No symbol) [0x7ff610ffe742]
	chromedriver!(No symbol) [0x7ff610ff97a1]
	chromedriver!(No symbol) [0x7ff61104dc51]
	chromedriver!(No symbol) [0x7ff61104d4b6]
	chromedriver!(No symbol) [0x7ff611009298]
	chromedriver!(No symbol) [0x7ff61100a183]
	chromedriver!GetHandleVerifier [0x7ff61155de0d+318bcd]
	chromedriver!GetHandleVerifier [0x7ff611558588+313348]
	chromedriver!GetHandleVerifier [0x7ff611579d7a+334b3a]
	chromedriver!GetHandleVerifier [0x7ff611276785+31545]
	chromedriver!GetHandleVerifier [0x7ff61127facc+3a88c]
	chromedriver!GetHandleVerifier [0x7ff611263634+1e3f4]
	chromedriver!GetHandleVerifier [0x7ff6112637e6+1e5a6]
	chromedriver!GetHandleVerifier [0x7ff611247e37+2bf7]
	KERNEL32!BaseThreadInitThunk [0x7ffb82a3e8d7+17]
	ntdll!RtlUserThreadStart [0x7ffb8418c48c+2c]

2026-04-08 21:56:18,178 - WARNING - Error processing https://docs.google.com: Message: session not created: DevToolsActivePort file doesn't exist; For documentation on this error, please visit: https://www.selenium.dev/documentation/webdriver/troubleshooting/errors#sessionnotcreatedexception
Stacktrace:
	chromedriver!GetHandleVerifier [0x7ff6115329c5+2ed785]
	chromedriver!GetHandleVerifier [0x7ff61125a0d0+14e90]
	chromedriver!(No symbol) [0x7ff610fbdb2d]
	chromedriver!(No symbol) [0x7ff611003ce6]
	chromedriver!(No symbol) [0x7ff610fff107]
	chromedriver!(No symbol) [0x7ff610ff97a1]
	chromedriver!(No symbol) [0x7ff61104dc51]
	chromedriver!(No symbol) [0x7ff61104d4b6]
	chromedriver!(No symbol) [0x7ff611009298]
	chromedriver!(No symbol) [0x7ff61100a183]
	chromedriver!GetHandleVerifier [0x7ff61155de0d+318bcd]
	chromedriver!GetHandleVerifier [0x7ff611558588+313348]
	chromedriver!GetHandleVerifier [0x7ff611579d7a+334b3a]
	chromedriver!GetHandleVerifier [0x7ff611276785+31545]
	chromedriver!GetHandleVerifier [0x7ff61127facc+3a88c]
	chromedriver!GetHandleVerifier [0x7ff611263634+1e3f4]
	chromedriver!GetHandleVerifier [0x7ff6112637e6+1e5a6]
	chromedriver!GetHandleVerifier [0x7ff611247e37+2bf7]
	KERNEL32!BaseThreadInitThunk [0x7ffb82a3e8d7+17]
	ntdll!RtlUserThreadStart [0x7ffb8418c48c+2c]

2026-04-08 21:56:18,473 - WARNING - Error processing https://maps.google.com: Message: session not created: DevToolsActivePort file doesn't exist; For documentation on this error, please visit: https://www.selenium.dev/documentation/webdriver/troubleshooting/errors#sessionnotcreatedexception
Stacktrace:
	chromedriver!GetHandleVerifier [0x7ff6115329c5+2ed785]
	chromedriver!GetHandleVerifier [0x7ff61125a0d0+14e90]
	chromedriver!(No symbol) [0x7ff610fbdb2d]
	chromedriver!(No symbol) [0x7ff611003ce6]
	chromedriver!(No symbol) [0x7ff610fff107]
	chromedriver!(No symbol) [0x7ff610ff97a1]
	chromedriver!(No symbol) [0x7ff61104dc51]
	chromedriver!(No symbol) [0x7ff61104d4b6]
	chromedriver!(No symbol) [0x7ff611009298]
	chromedriver!(No symbol) [0x7ff61100a183]
	chromedriver!GetHandleVerifier [0x7ff61155de0d+318bcd]
	chromedriver!GetHandleVerifier [0x7ff611558588+313348]
	chromedriver!GetHandleVerifier [0x7ff611579d7a+334b3a]
	chromedriver!GetHandleVerifier [0x7ff611276785+31545]
	chromedriver!GetHandleVerifier [0x7ff61127facc+3a88c]
	chromedriver!GetHandleVerifier [0x7ff611263634+1e3f4]
	chromedriver!GetHandleVerifier [0x7ff6112637e6+1e5a6]
	chromedriver!GetHandleVerifier [0x7ff611247e37+2bf7]
	KERNEL32!BaseThreadInitThunk [0x7ffb82a3e8d7+17]
	ntdll!RtlUserThreadStart [0x7ffb8418c48c+2c]

2026-04-08 21:56:18,714 - WARNING - Error processing https://www.google.com: Message: session not created: DevToolsActivePort file doesn't exist; For documentation on this error, please visit: https://www.selenium.dev/documentation/webdriver/troubleshooting/errors#sessionnotcreatedexception
Stacktrace:
	chromedriver!GetHandleVerifier [0x7ff6115329c5+2ed785]
	chromedriver!GetHandleVerifier [0x7ff61125a0d0+14e90]
	chromedriver!(No symbol) [0x7ff610fbdb2d]
	chromedriver!(No symbol) [0x7ff611003ce6]
	chromedriver!(No symbol) [0x7ff610fff107]
	chromedriver!(No symbol) [0x7ff610ff97a1]
	chromedriver!(No symbol) [0x7ff61104dc51]
	chromedriver!(No symbol) [0x7ff61104d4b6]
	chromedriver!(No symbol) [0x7ff611009298]
	chromedriver!(No symbol) [0x7ff61100a183]
	chromedriver!GetHandleVerifier [0x7ff61155de0d+318bcd]
	chromedriver!GetHandleVerifier [0x7ff611558588+313348]
	chromedriver!GetHandleVerifier [0x7ff611579d7a+334b3a]
	chromedriver!GetHandleVerifier [0x7ff611276785+31545]
	chromedriver!GetHandleVerifier [0x7ff61127facc+3a88c]
	chromedriver!GetHandleVerifier [0x7ff611263634+1e3f4]
	chromedriver!GetHandleVerifier [0x7ff6112637e6+1e5a6]
	chromedriver!GetHandleVerifier [0x7ff611247e37+2bf7]
	KERNEL32!BaseThreadInitThunk [0x7ffb82a3e8d7+17]
	ntdll!RtlUserThreadStart [0x7ffb8418c48c+2c]

2026-04-08 21:57:01,259 - WARNING - Error processing https://marketingplatform.google....: Message: unknown error: net::ERR_NAME_NOT_RESOLVED
  (Session info: chrome=146.0.7680.178)
Stacktrace:
	chromedriver!GetHandleVerifier [0x7ff6115329c5+2ed785]
	chromedriver!GetHandleVerifier [0x7ff61125a0d0+14e90]
	chromedriver!(No symbol) [0x7ff610fbdb2d]
	chromedriver!(No symbol) [0x7ff610fba654]
	chromedriver!(No symbol) [0x7ff610faa6d1]
	chromedriver!(No symbol) [0x7ff610fac5bf]
	chromedriver!(No symbol) [0x7ff610faac73]
	chromedriver!(No symbol) [0x7ff610faa43b]
	chromedriver!(No symbol) [0x7ff610faa0f1]
	chromedriver!(No symbol) [0x7ff610fa7d3b]
	chromedriver!(No symbol) [0x7ff610fa8482]
	chromedriver!(No symbol) [0x7ff610fc1de6]
	chromedriver!(No symbol) [0x7ff611064994]
	chromedriver!(No symbol) [0x7ff61103ff8a]
	chromedriver!(No symbol) [0x7ff611063b9b]
	chromedriver!(No symbol) [0x7ff611009298]
	chromedriver!(No symbol) [0x7ff61100a183]
	chromedriver!GetHandleVerifier [0x7ff61155de0d+318bcd]
	chromedriver!GetHandleVerifier [0x7ff611558588+313348]
	chromedriver!GetHandleVerifier [0x7ff611579d7a+334b3a]
	chromedriver!GetHandleVerifier [0x7ff611276785+31545]
	chromedriver!GetHandleVerifier [0x7ff61127facc+3a88c]
	chromedriver!GetHandleVerifier [0x7ff611263634+1e3f4]
	chromedriver!GetHandleVerifier [0x7ff6112637e6+1e5a6]
	chromedriver!GetHandleVerifier [0x7ff611247e37+2bf7]
	KERNEL32!BaseThreadInitThunk [0x7ffb82a3e8d7+17]
	ntdll!RtlUserThreadStart [0x7ffb8418c48c+2c]

2026-04-08 21:57:21,495 - WARNING - Error processing https://developers.google.com: Message: session not created: DevToolsActivePort file doesn't exist; For documentation on this error, please visit: https://www.selenium.dev/documentation/webdriver/troubleshooting/errors#sessionnotcreatedexception
Stacktrace:
	chromedriver!GetHandleVerifier [0x7ff6115329c5+2ed785]
	chromedriver!GetHandleVerifier [0x7ff61125a0d0+14e90]
	chromedriver!(No symbol) [0x7ff610fbdb2d]
	chromedriver!(No symbol) [0x7ff611003ce6]
	chromedriver!(No symbol) [0x7ff610fff107]
	chromedriver!(No symbol) [0x7ff610ff97a1]
	chromedriver!(No symbol) [0x7ff61104dc51]
	chromedriver!(No symbol) [0x7ff61104d4b6]
	chromedriver!(No symbol) [0x7ff611009298]
	chromedriver!(No symbol) [0x7ff61100a183]
	chromedriver!GetHandleVerifier [0x7ff61155de0d+318bcd]
	chromedriver!GetHandleVerifier [0x7ff611558588+313348]
	chromedriver!GetHandleVerifier [0x7ff611579d7a+334b3a]
	chromedriver!GetHandleVerifier [0x7ff611276785+31545]
	chromedriver!GetHandleVerifier [0x7ff61127facc+3a88c]
	chromedriver!GetHandleVerifier [0x7ff611263634+1e3f4]
	chromedriver!GetHandleVerifier [0x7ff6112637e6+1e5a6]
	chromedriver!GetHandleVerifier [0x7ff611247e37+2bf7]
	KERNEL32!BaseThreadInitThunk [0x7ffb82a3e8d7+17]
	ntdll!RtlUserThreadStart [0x7ffb8418c48c+2c]

2026-04-08 21:57:25,810 - WARNING - Error processing https://ggpht.com: Message: unknown error: net::ERR_NAME_NOT_RESOLVED
  (Session info: chrome=146.0.7680.178)
Stacktrace:
	chromedriver!GetHandleVerifier [0x7ff6115329c5+2ed785]
	chromedriver!GetHandleVerifier [0x7ff61125a0d0+14e90]
	chromedriver!(No symbol) [0x7ff610fbdb2d]
	chromedriver!(No symbol) [0x7ff610fba654]
	chromedriver!(No symbol) [0x7ff610faa6d1]
	chromedriver!(No symbol) [0x7ff610fac5bf]
	chromedriver!(No symbol) [0x7ff610faac73]
	chromedriver!(No symbol) [0x7ff610faa43b]
	chromedriver!(No symbol) [0x7ff610faa0f1]
	chromedriver!(No symbol) [0x7ff610fa7d3b]
	chromedriver!(No symbol) [0x7ff610fa8482]
	chromedriver!(No symbol) [0x7ff610fc1de6]
	chromedriver!(No symbol) [0x7ff611064994]
	chromedriver!(No symbol) [0x7ff61103ff8a]
	chromedriver!(No symbol) [0x7ff611063b9b]
	chromedriver!(No symbol) [0x7ff611009298]
	chromedriver!(No symbol) [0x7ff61100a183]
	chromedriver!GetHandleVerifier [0x7ff61155de0d+318bcd]
	chromedriver!GetHandleVerifier [0x7ff611558588+313348]
	chromedriver!GetHandleVerifier [0x7ff611579d7a+334b3a]
	chromedriver!GetHandleVerifier [0x7ff611276785+31545]
	chromedriver!GetHandleVerifier [0x7ff61127facc+3a88c]
	chromedriver!GetHandleVerifier [0x7ff611263634+1e3f4]
	chromedriver!GetHandleVerifier [0x7ff6112637e6+1e5a6]
	chromedriver!GetHandleVerifier [0x7ff611247e37+2bf7]
	KERNEL32!BaseThreadInitThunk [0x7ffb82a3e8d7+17]
	ntdll!RtlUserThreadStart [0x7ffb8418c48c+2c]

2026-04-08 21:58:37,739 - WARNING - Error processing https://picasa.google.com: Message: session not created: DevToolsActivePort file doesn't exist; For documentation on this error, please visit: https://www.selenium.dev/documentation/webdriver/troubleshooting/errors#sessionnotcreatedexception
Stacktrace:
	chromedriver!GetHandleVerifier [0x7ff6115329c5+2ed785]
	chromedriver!GetHandleVerifier [0x7ff61125a0d0+14e90]
	chromedriver!(No symbol) [0x7ff610fbdb2d]
	chromedriver!(No symbol) [0x7ff611003ce6]
	chromedriver!(No symbol) [0x7ff610fff107]
	chromedriver!(No symbol) [0x7ff610ff97a1]
	chromedriver!(No symbol) [0x7ff61104dc51]
	chromedriver!(No symbol) [0x7ff61104d4b6]
	chromedriver!(No symbol) [0x7ff611009298]
	chromedriver!(No symbol) [0x7ff61100a183]
	chromedriver!GetHandleVerifier [0x7ff61155de0d+318bcd]
	chromedriver!GetHandleVerifier [0x7ff611558588+313348]
	chromedriver!GetHandleVerifier [0x7ff611579d7a+334b3a]
	chromedriver!GetHandleVerifier [0x7ff611276785+31545]
	chromedriver!GetHandleVerifier [0x7ff61127facc+3a88c]
	chromedriver!GetHandleVerifier [0x7ff611263634+1e3f4]
	chromedriver!GetHandleVerifier [0x7ff6112637e6+1e5a6]
	chromedriver!GetHandleVerifier [0x7ff611247e37+2bf7]
	KERNEL32!BaseThreadInitThunk [0x7ffb82a3e8d7+17]
	ntdll!RtlUserThreadStart [0x7ffb8418c48c+2c]

2026-04-08 21:58:48,142 - WARNING - Error processing https://video.google.com: Message: session not created: DevToolsActivePort file doesn't exist; For documentation on this error, please visit: https://www.selenium.dev/documentation/webdriver/troubleshooting/errors#sessionnotcreatedexception
Stacktrace:
	chromedriver!GetHandleVerifier [0x7ff6115329c5+2ed785]
	chromedriver!GetHandleVerifier [0x7ff61125a0d0+14e90]
	chromedriver!(No symbol) [0x7ff610fbdb2d]
	chromedriver!(No symbol) [0x7ff611003ce6]
	chromedriver!(No symbol) [0x7ff610fff107]
	chromedriver!(No symbol) [0x7ff610ff97a1]
	chromedriver!(No symbol) [0x7ff61104dc51]
	chromedriver!(No symbol) [0x7ff61104d4b6]
	chromedriver!(No symbol) [0x7ff611009298]
	chromedriver!(No symbol) [0x7ff61100a183]
	chromedriver!GetHandleVerifier [0x7ff61155de0d+318bcd]
	chromedriver!GetHandleVerifier [0x7ff611558588+313348]
	chromedriver!GetHandleVerifier [0x7ff611579d7a+334b3a]
	chromedriver!GetHandleVerifier [0x7ff611276785+31545]
	chromedriver!GetHandleVerifier [0x7ff61127facc+3a88c]
	chromedriver!GetHandleVerifier [0x7ff611263634+1e3f4]
	chromedriver!GetHandleVerifier [0x7ff6112637e6+1e5a6]
	chromedriver!GetHandleVerifier [0x7ff611247e37+2bf7]
	KERNEL32!BaseThreadInitThunk [0x7ffb82a3e8d7+17]
	ntdll!RtlUserThreadStart [0x7ffb8418c48c+2c]

2026-04-08 21:58:53,879 - WARNING - Timeout on https://myspace.com.
2026-04-08 21:59:04,389 - WARNING - Timeout on https://tiktok.com.
2026-04-08 21:59:46,120 - WARNING - Error processing https://twimg.com: Message: unknown error: net::ERR_NAME_NOT_RESOLVED
  (Session info: chrome=146.0.7680.178)
Stacktrace:
	chromedriver!GetHandleVerifier [0x7ff6115329c5+2ed785]
	chromedriver!GetHandleVerifier [0x7ff61125a0d0+14e90]
	chromedriver!(No symbol) [0x7ff610fbdb2d]
	chromedriver!(No symbol) [0x7ff610fba654]
	chromedriver!(No symbol) [0x7ff610faa6d1]
	chromedriver!(No symbol) [0x7ff610fac5bf]
	chromedriver!(No symbol) [0x7ff610faac73]
	chromedriver!(No symbol) [0x7ff610faa43b]
	chromedriver!(No symbol) [0x7ff610faa0f1]
	chromedriver!(No symbol) [0x7ff610fa7d3b]
	chromedriver!(No symbol) [0x7ff610fa8482]
	chromedriver!(No symbol) [0x7ff610fc1de6]
	chromedriver!(No symbol) [0x7ff611064994]
	chromedriver!(No symbol) [0x7ff61103ff8a]
	chromedriver!(No symbol) [0x7ff611063b9b]
	chromedriver!(No symbol) [0x7ff611009298]
	chromedriver!(No symbol) [0x7ff61100a183]
	chromedriver!GetHandleVerifier [0x7ff61155de0d+318bcd]
	chromedriver!GetHandleVerifier [0x7ff611558588+313348]
	chromedriver!GetHandleVerifier [0x7ff611579d7a+334b3a]
	chromedriver!GetHandleVerifier [0x7ff611276785+31545]
	chromedriver!GetHandleVerifier [0x7ff61127facc+3a88c]
	chromedriver!GetHandleVerifier [0x7ff611263634+1e3f4]
	chromedriver!GetHandleVerifier [0x7ff6112637e6+1e5a6]
	chromedriver!GetHandleVerifier [0x7ff611247e37+2bf7]
	KERNEL32!BaseThreadInitThunk [0x7ffb82a3e8d7+17]
	ntdll!RtlUserThreadStart [0x7ffb8418c48c+2c]

2026-04-08 21:59:51,001 - WARNING - Error processing https://reddit.com: Message: session not created: Chrome failed to start: crashed.
  (session not created: DevToolsActivePort file doesn't exist)
  (The process started from chrome location C:\Program Files\Google\Chrome\Application\chrome.exe is no longer running, so ChromeDriver is assuming that Chrome has crashed.); For documentation on this error, please visit: https://www.selenium.dev/documentation/webdriver/troubleshooting/errors#sessionnotcreatedexception
Stacktrace:
	chromedriver!GetHandleVerifier [0x7ff6115329c5+2ed785]
	chromedriver!GetHandleVerifier [0x7ff61125a0d0+14e90]
	chromedriver!(No symbol) [0x7ff610fbdb2d]
	chromedriver!(No symbol) [0x7ff610ffe742]
	chromedriver!(No symbol) [0x7ff610ff97a1]
	chromedriver!(No symbol) [0x7ff61104dc51]
	chromedriver!(No symbol) [0x7ff61104d4b6]
	chromedriver!(No symbol) [0x7ff611009298]
	chromedriver!(No symbol) [0x7ff61100a183]
	chromedriver!GetHandleVerifier [0x7ff61155de0d+318bcd]
	chromedriver!GetHandleVerifier [0x7ff611558588+313348]
	chromedriver!GetHandleVerifier [0x7ff611579d7a+334b3a]
	chromedriver!GetHandleVerifier [0x7ff611276785+31545]
	chromedriver!GetHandleVerifier [0x7ff61127facc+3a88c]
	chromedriver!GetHandleVerifier [0x7ff611263634+1e3f4]
	chromedriver!GetHandleVerifier [0x7ff6112637e6+1e5a6]
	chromedriver!GetHandleVerifier [0x7ff611247e37+2bf7]
	KERNEL32!BaseThreadInitThunk [0x7ffb82a3e8d7+17]
	ntdll!RtlUserThreadStart [0x7ffb8418c48c+2c]

2026-04-08 21:59:51,461 - WARNING - Timeout on https://weibo.com.
2026-04-08 22:00:03,112 - WARNING - Error processing https://fb.com: Message: session not created: DevToolsActivePort file doesn't exist; For documentation on this error, please visit: https://www.selenium.dev/documentation/webdriver/troubleshooting/errors#sessionnotcreatedexception
Stacktrace:
	chromedriver!GetHandleVerifier [0x7ff6115329c5+2ed785]
	chromedriver!GetHandleVerifier [0x7ff61125a0d0+14e90]
	chromedriver!(No symbol) [0x7ff610fbdb2d]
	chromedriver!(No symbol) [0x7ff611003ce6]
	chromedriver!(No symbol) [0x7ff610fff107]
	chromedriver!(No symbol) [0x7ff610ff97a1]
	chromedriver!(No symbol) [0x7ff61104dc51]
	chromedriver!(No symbol) [0x7ff61104d4b6]
	chromedriver!(No symbol) [0x7ff611009298]
	chromedriver!(No symbol) [0x7ff61100a183]
	chromedriver!GetHandleVerifier [0x7ff61155de0d+318bcd]
	chromedriver!GetHandleVerifier [0x7ff611558588+313348]
	chromedriver!GetHandleVerifier [0x7ff611579d7a+334b3a]
	chromedriver!GetHandleVerifier [0x7ff611276785+31545]
	chromedriver!GetHandleVerifier [0x7ff61127facc+3a88c]
	chromedriver!GetHandleVerifier [0x7ff611263634+1e3f4]
	chromedriver!GetHandleVerifier [0x7ff6112637e6+1e5a6]
	chromedriver!GetHandleVerifier [0x7ff611247e37+2bf7]
	KERNEL32!BaseThreadInitThunk [0x7ffb82a3e8d7+17]
	ntdll!RtlUserThreadStart [0x7ffb8418c48c+2c]

2026-04-08 22:00:28,525 - WARNING - Error processing https://fb.me: Message: session not created: DevToolsActivePort file doesn't exist; For documentation on this error, please visit: https://www.selenium.dev/documentation/webdriver/troubleshooting/errors#sessionnotcreatedexception
Stacktrace:
	chromedriver!GetHandleVerifier [0x7ff6115329c5+2ed785]
	chromedriver!GetHandleVerifier [0x7ff61125a0d0+14e90]
	chromedriver!(No symbol) [0x7ff610fbdb2d]
	chromedriver!(No symbol) [0x7ff611003ce6]
	chromedriver!(No symbol) [0x7ff610fff107]
	chromedriver!(No symbol) [0x7ff610ff97a1]
	chromedriver!(No symbol) [0x7ff61104dc51]
	chromedriver!(No symbol) [0x7ff61104d4b6]
	chromedriver!(No symbol) [0x7ff611009298]
	chromedriver!(No symbol) [0x7ff61100a183]
	chromedriver!GetHandleVerifier [0x7ff61155de0d+318bcd]
	chromedriver!GetHandleVerifier [0x7ff611558588+313348]
	chromedriver!GetHandleVerifier [0x7ff611579d7a+334b3a]
	chromedriver!GetHandleVerifier [0x7ff611276785+31545]
	chromedriver!GetHandleVerifier [0x7ff61127facc+3a88c]
	chromedriver!GetHandleVerifier [0x7ff611263634+1e3f4]
	chromedriver!GetHandleVerifier [0x7ff6112637e6+1e5a6]
	chromedriver!GetHandleVerifier [0x7ff611247e37+2bf7]
	KERNEL32!BaseThreadInitThunk [0x7ffb82a3e8d7+17]
	ntdll!RtlUserThreadStart [0x7ffb8418c48c+2c]

2026-04-08 22:00:35,330 - WARNING - Timeout on https://dailymotion.com.
2026-04-08 22:00:39,050 - WARNING - Error processing https://ytimg.com: Message: unknown error: net::ERR_NAME_NOT_RESOLVED
  (Session info: chrome=146.0.7680.178)
Stacktrace:
	chromedriver!GetHandleVerifier [0x7ff6115329c5+2ed785]
	chromedriver!GetHandleVerifier [0x7ff61125a0d0+14e90]
	chromedriver!(No symbol) [0x7ff610fbdb2d]
	chromedriver!(No symbol) [0x7ff610fba654]
	chromedriver!(No symbol) [0x7ff610faa6d1]
	chromedriver!(No symbol) [0x7ff610fac5bf]
	chromedriver!(No symbol) [0x7ff610faac73]
	chromedriver!(No symbol) [0x7ff610faa43b]
	chromedriver!(No symbol) [0x7ff610faa0f1]
	chromedriver!(No symbol) [0x7ff610fa7d3b]
	chromedriver!(No symbol) [0x7ff610fa8482]
	chromedriver!(No symbol) [0x7ff610fc1de6]
	chromedriver!(No symbol) [0x7ff611064994]
	chromedriver!(No symbol) [0x7ff61103ff8a]
	chromedriver!(No symbol) [0x7ff611063b9b]
	chromedriver!(No symbol) [0x7ff611009298]
	chromedriver!(No symbol) [0x7ff61100a183]
	chromedriver!GetHandleVerifier [0x7ff61155de0d+318bcd]
	chromedriver!GetHandleVerifier [0x7ff611558588+313348]
	chromedriver!GetHandleVerifier [0x7ff611579d7a+334b3a]
	chromedriver!GetHandleVerifier [0x7ff611276785+31545]
	chromedriver!GetHandleVerifier [0x7ff61127facc+3a88c]
	chromedriver!GetHandleVerifier [0x7ff611263634+1e3f4]
	chromedriver!GetHandleVerifier [0x7ff6112637e6+1e5a6]
	chromedriver!GetHandleVerifier [0x7ff611247e37+2bf7]
	KERNEL32!BaseThreadInitThunk [0x7ffb82a3e8d7+17]
	ntdll!RtlUserThreadStart [0x7ffb8418c48c+2c]

2026-04-08 22:01:05,896 - WARNING - Error processing https://youtube.com: Message: session not created: DevToolsActivePort file doesn't exist; For documentation on this error, please visit: https://www.selenium.dev/documentation/webdriver/troubleshooting/errors#sessionnotcreatedexception
Stacktrace:
	chromedriver!GetHandleVerifier [0x7ff6115329c5+2ed785]
	chromedriver!GetHandleVerifier [0x7ff61125a0d0+14e90]
	chromedriver!(No symbol) [0x7ff610fbdb2d]
	chromedriver!(No symbol) [0x7ff611003ce6]
	chromedriver!(No symbol) [0x7ff610fff107]
	chromedriver!(No symbol) [0x7ff610ff97a1]
	chromedriver!(No symbol) [0x7ff61104dc51]
	chromedriver!(No symbol) [0x7ff61104d4b6]
	chromedriver!(No symbol) [0x7ff611009298]
	chromedriver!(No symbol) [0x7ff61100a183]
	chromedriver!GetHandleVerifier [0x7ff61155de0d+318bcd]
	chromedriver!GetHandleVerifier [0x7ff611558588+313348]
	chromedriver!GetHandleVerifier [0x7ff611579d7a+334b3a]
	chromedriver!GetHandleVerifier [0x7ff611276785+31545]
	chromedriver!GetHandleVerifier [0x7ff61127facc+3a88c]
	chromedriver!GetHandleVerifier [0x7ff611263634+1e3f4]
	chromedriver!GetHandleVerifier [0x7ff6112637e6+1e5a6]
	chromedriver!GetHandleVerifier [0x7ff611247e37+2bf7]
	KERNEL32!BaseThreadInitThunk [0x7ffb82a3e8d7+17]
	ntdll!RtlUserThreadStart [0x7ffb8418c48c+2c]

2026-04-08 22:01:15,019 - WARNING - Error processing https://youtu.be: Message: session not created: DevToolsActivePort file doesn't exist; For documentation on this error, please visit: https://www.selenium.dev/documentation/webdriver/troubleshooting/errors#sessionnotcreatedexception
Stacktrace:
	chromedriver!GetHandleVerifier [0x7ff6115329c5+2ed785]
	chromedriver!GetHandleVerifier [0x7ff61125a0d0+14e90]
	chromedriver!(No symbol) [0x7ff610fbdb2d]
	chromedriver!(No symbol) [0x7ff611003ce6]
	chromedriver!(No symbol) [0x7ff610fff107]
	chromedriver!(No symbol) [0x7ff610ff97a1]
	chromedriver!(No symbol) [0x7ff61104dc51]
	chromedriver!(No symbol) [0x7ff61104d4b6]
	chromedriver!(No symbol) [0x7ff611009298]
	chromedriver!(No symbol) [0x7ff61100a183]
	chromedriver!GetHandleVerifier [0x7ff61155de0d+318bcd]
	chromedriver!GetHandleVerifier [0x7ff611558588+313348]
	chromedriver!GetHandleVerifier [0x7ff611579d7a+334b3a]
	chromedriver!GetHandleVerifier [0x7ff611276785+31545]
	chromedriver!GetHandleVerifier [0x7ff61127facc+3a88c]
	chromedriver!GetHandleVerifier [0x7ff611263634+1e3f4]
	chromedriver!GetHandleVerifier [0x7ff6112637e6+1e5a6]
	chromedriver!GetHandleVerifier [0x7ff611247e37+2bf7]
	KERNEL32!BaseThreadInitThunk [0x7ffb82a3e8d7+17]
	ntdll!RtlUserThreadStart [0x7ffb8418c48c+2c]

2026-04-08 22:01:31,548 - WARNING - Error processing https://soundcloud.com: Message: session not created: DevToolsActivePort file doesn't exist; For documentation on this error, please visit: https://www.selenium.dev/documentation/webdriver/troubleshooting/errors#sessionnotcreatedexception
Stacktrace:
	chromedriver!GetHandleVerifier [0x7ff6115329c5+2ed785]
	chromedriver!GetHandleVerifier [0x7ff61125a0d0+14e90]
	chromedriver!(No symbol) [0x7ff610fbdb2d]
	chromedriver!(No symbol) [0x7ff611003ce6]
	chromedriver!(No symbol) [0x7ff610fff107]
	chromedriver!(No symbol) [0x7ff610ff97a1]
	chromedriver!(No symbol) [0x7ff61104dc51]
	chromedriver!(No symbol) [0x7ff61104d4b6]
	chromedriver!(No symbol) [0x7ff611009298]
	chromedriver!(No symbol) [0x7ff61100a183]
	chromedriver!GetHandleVerifier [0x7ff61155de0d+318bcd]
	chromedriver!GetHandleVerifier [0x7ff611558588+313348]
	chromedriver!GetHandleVerifier [0x7ff611579d7a+334b3a]
	chromedriver!GetHandleVerifier [0x7ff611276785+31545]
	chromedriver!GetHandleVerifier [0x7ff61127facc+3a88c]
	chromedriver!GetHandleVerifier [0x7ff611263634+1e3f4]
	chromedriver!GetHandleVerifier [0x7ff6112637e6+1e5a6]
	chromedriver!GetHandleVerifier [0x7ff611247e37+2bf7]
	KERNEL32!BaseThreadInitThunk [0x7ffb82a3e8d7+17]
	ntdll!RtlUserThreadStart [0x7ffb8418c48c+2c]

2026-04-08 22:02:08,661 - WARNING - Error processing https://gfycat.com: Message: session not created: DevToolsActivePort file doesn't exist; For documentation on this error, please visit: https://www.selenium.dev/documentation/webdriver/troubleshooting/errors#sessionnotcreatedexception
Stacktrace:
	chromedriver!GetHandleVerifier [0x7ff6115329c5+2ed785]
	chromedriver!GetHandleVerifier [0x7ff61125a0d0+14e90]
	chromedriver!(No symbol) [0x7ff610fbdb2d]
	chromedriver!(No symbol) [0x7ff611003ce6]
	chromedriver!(No symbol) [0x7ff610fff107]
	chromedriver!(No symbol) [0x7ff610ff97a1]
	chromedriver!(No symbol) [0x7ff61104dc51]
	chromedriver!(No symbol) [0x7ff61104d4b6]
	chromedriver!(No symbol) [0x7ff611009298]
	chromedriver!(No symbol) [0x7ff61100a183]
	chromedriver!GetHandleVerifier [0x7ff61155de0d+318bcd]
	chromedriver!GetHandleVerifier [0x7ff611558588+313348]
	chromedriver!GetHandleVerifier [0x7ff611579d7a+334b3a]
	chromedriver!GetHandleVerifier [0x7ff611276785+31545]
	chromedriver!GetHandleVerifier [0x7ff61127facc+3a88c]
	chromedriver!GetHandleVerifier [0x7ff611263634+1e3f4]
	chromedriver!GetHandleVerifier [0x7ff6112637e6+1e5a6]
	chromedriver!GetHandleVerifier [0x7ff611247e37+2bf7]
	KERNEL32!BaseThreadInitThunk [0x7ffb82a3e8d7+17]
	ntdll!RtlUserThreadStart [0x7ffb8418c48c+2c]

2026-04-08 22:02:14,341 - WARNING - Error processing https://ssl-images-amazon.com: Message: unknown error: net::ERR_NAME_NOT_RESOLVED
  (Session info: chrome=146.0.7680.178)
Stacktrace:
	chromedriver!GetHandleVerifier [0x7ff6115329c5+2ed785]
	chromedriver!GetHandleVerifier [0x7ff61125a0d0+14e90]
	chromedriver!(No symbol) [0x7ff610fbdb2d]
	chromedriver!(No symbol) [0x7ff610fba654]
	chromedriver!(No symbol) [0x7ff610faa6d1]
	chromedriver!(No symbol) [0x7ff610fac5bf]
	chromedriver!(No symbol) [0x7ff610faac73]
	chromedriver!(No symbol) [0x7ff610faa43b]
	chromedriver!(No symbol) [0x7ff610faa0f1]
	chromedriver!(No symbol) [0x7ff610fa7d3b]
	chromedriver!(No symbol) [0x7ff610fa8482]
	chromedriver!(No symbol) [0x7ff610fc1de6]
	chromedriver!(No symbol) [0x7ff611064994]
	chromedriver!(No symbol) [0x7ff61103ff8a]
	chromedriver!(No symbol) [0x7ff611063b9b]
	chromedriver!(No symbol) [0x7ff611009298]
	chromedriver!(No symbol) [0x7ff61100a183]
	chromedriver!GetHandleVerifier [0x7ff61155de0d+318bcd]
	chromedriver!GetHandleVerifier [0x7ff611558588+313348]
	chromedriver!GetHandleVerifier [0x7ff611579d7a+334b3a]
	chromedriver!GetHandleVerifier [0x7ff611276785+31545]
	chromedriver!GetHandleVerifier [0x7ff61127facc+3a88c]
	chromedriver!GetHandleVerifier [0x7ff611263634+1e3f4]
	chromedriver!GetHandleVerifier [0x7ff6112637e6+1e5a6]
	chromedriver!GetHandleVerifier [0x7ff611247e37+2bf7]
	KERNEL32!BaseThreadInitThunk [0x7ffb82a3e8d7+17]
	ntdll!RtlUserThreadStart [0x7ffb8418c48c+2c]

2026-04-08 22:02:28,635 - WARNING - Timeout on https://alibaba.com.
2026-04-08 22:02:34,339 - WARNING - Error processing https://aliexpress.com: Message: session not created: DevToolsActivePort file doesn't exist; For documentation on this error, please visit: https://www.selenium.dev/documentation/webdriver/troubleshooting/errors#sessionnotcreatedexception
Stacktrace:
	chromedriver!GetHandleVerifier [0x7ff6115329c5+2ed785]
	chromedriver!GetHandleVerifier [0x7ff61125a0d0+14e90]
	chromedriver!(No symbol) [0x7ff610fbdb2d]
	chromedriver!(No symbol) [0x7ff611003ce6]
	chromedriver!(No symbol) [0x7ff610fff107]
	chromedriver!(No symbol) [0x7ff610ff97a1]
	chromedriver!(No symbol) [0x7ff61104dc51]
	chromedriver!(No symbol) [0x7ff61104d4b6]
	chromedriver!(No symbol) [0x7ff611009298]
	chromedriver!(No symbol) [0x7ff61100a183]
	chromedriver!GetHandleVerifier [0x7ff61155de0d+318bcd]
	chromedriver!GetHandleVerifier [0x7ff611558588+313348]
	chromedriver!GetHandleVerifier [0x7ff611579d7a+334b3a]
	chromedriver!GetHandleVerifier [0x7ff611276785+31545]
	chromedriver!GetHandleVerifier [0x7ff61127facc+3a88c]
	chromedriver!GetHandleVerifier [0x7ff611263634+1e3f4]
	chromedriver!GetHandleVerifier [0x7ff6112637e6+1e5a6]
	chromedriver!GetHandleVerifier [0x7ff611247e37+2bf7]
	KERNEL32!BaseThreadInitThunk [0x7ffb82a3e8d7+17]
	ntdll!RtlUserThreadStart [0x7ffb8418c48c+2c]

2026-04-08 22:03:11,423 - WARNING - Error processing https://walmart.com: Message: session not created: DevToolsActivePort file doesn't exist; For documentation on this error, please visit: https://www.selenium.dev/documentation/webdriver/troubleshooting/errors#sessionnotcreatedexception
Stacktrace:
	chromedriver!GetHandleVerifier [0x7ff6115329c5+2ed785]
	chromedriver!GetHandleVerifier [0x7ff61125a0d0+14e90]
	chromedriver!(No symbol) [0x7ff610fbdb2d]
	chromedriver!(No symbol) [0x7ff611003ce6]
	chromedriver!(No symbol) [0x7ff610fff107]
	chromedriver!(No symbol) [0x7ff610ff97a1]
	chromedriver!(No symbol) [0x7ff61104dc51]
	chromedriver!(No symbol) [0x7ff61104d4b6]
	chromedriver!(No symbol) [0x7ff611009298]
	chromedriver!(No symbol) [0x7ff61100a183]
	chromedriver!GetHandleVerifier [0x7ff61155de0d+318bcd]
	chromedriver!GetHandleVerifier [0x7ff611558588+313348]
	chromedriver!GetHandleVerifier [0x7ff611579d7a+334b3a]
	chromedriver!GetHandleVerifier [0x7ff611276785+31545]
	chromedriver!GetHandleVerifier [0x7ff61127facc+3a88c]
	chromedriver!GetHandleVerifier [0x7ff611263634+1e3f4]
	chromedriver!GetHandleVerifier [0x7ff6112637e6+1e5a6]
	chromedriver!GetHandleVerifier [0x7ff611247e37+2bf7]
	KERNEL32!BaseThreadInitThunk [0x7ffb82a3e8d7+17]
	ntdll!RtlUserThreadStart [0x7ffb8418c48c+2c]

2026-04-08 22:03:26,529 - WARNING - Timeout on https://cnn.com.
2026-04-08 22:03:33,547 - WARNING - Error processing https://amazon.ca: Message: session not created: DevToolsActivePort file doesn't exist; For documentation on this error, please visit: https://www.selenium.dev/documentation/webdriver/troubleshooting/errors#sessionnotcreatedexception
Stacktrace:
	chromedriver!GetHandleVerifier [0x7ff6115329c5+2ed785]
	chromedriver!GetHandleVerifier [0x7ff61125a0d0+14e90]
	chromedriver!(No symbol) [0x7ff610fbdb2d]
	chromedriver!(No symbol) [0x7ff611003ce6]
	chromedriver!(No symbol) [0x7ff610fff107]
	chromedriver!(No symbol) [0x7ff610ff97a1]
	chromedriver!(No symbol) [0x7ff61104dc51]
	chromedriver!(No symbol) [0x7ff61104d4b6]
	chromedriver!(No symbol) [0x7ff611009298]
	chromedriver!(No symbol) [0x7ff61100a183]
	chromedriver!GetHandleVerifier [0x7ff61155de0d+318bcd]
	chromedriver!GetHandleVerifier [0x7ff611558588+313348]
	chromedriver!GetHandleVerifier [0x7ff611579d7a+334b3a]
	chromedriver!GetHandleVerifier [0x7ff611276785+31545]
	chromedriver!GetHandleVerifier [0x7ff61127facc+3a88c]
	chromedriver!GetHandleVerifier [0x7ff611263634+1e3f4]
	chromedriver!GetHandleVerifier [0x7ff6112637e6+1e5a6]
	chromedriver!GetHandleVerifier [0x7ff611247e37+2bf7]
	KERNEL32!BaseThreadInitThunk [0x7ffb82a3e8d7+17]
	ntdll!RtlUserThreadStart [0x7ffb8418c48c+2c]

2026-04-08 22:03:37,052 - WARNING - Error processing https://rakuten.co.jp: Message: session not created: DevToolsActivePort file doesn't exist; For documentation on this error, please visit: https://www.selenium.dev/documentation/webdriver/troubleshooting/errors#sessionnotcreatedexception
Stacktrace:
	chromedriver!GetHandleVerifier [0x7ff6115329c5+2ed785]
	chromedriver!GetHandleVerifier [0x7ff61125a0d0+14e90]
	chromedriver!(No symbol) [0x7ff610fbdb2d]
	chromedriver!(No symbol) [0x7ff611003ce6]
	chromedriver!(No symbol) [0x7ff610fff107]
	chromedriver!(No symbol) [0x7ff610ff97a1]
	chromedriver!(No symbol) [0x7ff61104dc51]
	chromedriver!(No symbol) [0x7ff61104d4b6]
	chromedriver!(No symbol) [0x7ff611009298]
	chromedriver!(No symbol) [0x7ff61100a183]
	chromedriver!GetHandleVerifier [0x7ff61155de0d+318bcd]
	chromedriver!GetHandleVerifier [0x7ff611558588+313348]
	chromedriver!GetHandleVerifier [0x7ff611579d7a+334b3a]
	chromedriver!GetHandleVerifier [0x7ff611276785+31545]
	chromedriver!GetHandleVerifier [0x7ff61127facc+3a88c]
	chromedriver!GetHandleVerifier [0x7ff611263634+1e3f4]
	chromedriver!GetHandleVerifier [0x7ff6112637e6+1e5a6]
	chromedriver!GetHandleVerifier [0x7ff611247e37+2bf7]
	KERNEL32!BaseThreadInitThunk [0x7ffb82a3e8d7+17]
	ntdll!RtlUserThreadStart [0x7ffb8418c48c+2c]

2026-04-08 22:03:44,808 - WARNING - Timeout on https://bloomberg.com.
2026-04-08 22:03:49,741 - WARNING - Timeout on https://indiatimes.com.
2026-04-08 22:04:03,069 - WARNING - Timeout on https://huffpost.com.
2026-04-08 22:04:08,224 - WARNING - Timeout on https://independent.co.uk.
2026-04-08 22:04:14,170 - WARNING - Error processing https://theguardian.com: Message: session not created: DevToolsActivePort file doesn't exist; For documentation on this error, please visit: https://www.selenium.dev/documentation/webdriver/troubleshooting/errors#sessionnotcreatedexception
Stacktrace:
	chromedriver!GetHandleVerifier [0x7ff6115329c5+2ed785]
	chromedriver!GetHandleVerifier [0x7ff61125a0d0+14e90]
	chromedriver!(No symbol) [0x7ff610fbdb2d]
	chromedriver!(No symbol) [0x7ff611003ce6]
	chromedriver!(No symbol) [0x7ff610fff107]
	chromedriver!(No symbol) [0x7ff610ff97a1]
	chromedriver!(No symbol) [0x7ff61104dc51]
	chromedriver!(No symbol) [0x7ff61104d4b6]
	chromedriver!(No symbol) [0x7ff611009298]
	chromedriver!(No symbol) [0x7ff61100a183]
	chromedriver!GetHandleVerifier [0x7ff61155de0d+318bcd]
	chromedriver!GetHandleVerifier [0x7ff611558588+313348]
	chromedriver!GetHandleVerifier [0x7ff611579d7a+334b3a]
	chromedriver!GetHandleVerifier [0x7ff611276785+31545]
	chromedriver!GetHandleVerifier [0x7ff61127facc+3a88c]
	chromedriver!GetHandleVerifier [0x7ff611263634+1e3f4]
	chromedriver!GetHandleVerifier [0x7ff6112637e6+1e5a6]
	chromedriver!GetHandleVerifier [0x7ff611247e37+2bf7]
	KERNEL32!BaseThreadInitThunk [0x7ffb82a3e8d7+17]
	ntdll!RtlUserThreadStart [0x7ffb8418c48c+2c]

2026-04-08 22:04:16,589 - WARNING - No elements found for https://wsj.com.
2026-04-08 22:04:26,247 - WARNING - Error processing https://nytimes.com: Message: session not created: DevToolsActivePort file doesn't exist; For documentation on this error, please visit: https://www.selenium.dev/documentation/webdriver/troubleshooting/errors#sessionnotcreatedexception
Stacktrace:
	chromedriver!GetHandleVerifier [0x7ff6115329c5+2ed785]
	chromedriver!GetHandleVerifier [0x7ff61125a0d0+14e90]
	chromedriver!(No symbol) [0x7ff610fbdb2d]
	chromedriver!(No symbol) [0x7ff611003ce6]
	chromedriver!(No symbol) [0x7ff610fff107]
	chromedriver!(No symbol) [0x7ff610ff97a1]
	chromedriver!(No symbol) [0x7ff61104dc51]
	chromedriver!(No symbol) [0x7ff61104d4b6]
	chromedriver!(No symbol) [0x7ff611009298]
	chromedriver!(No symbol) [0x7ff61100a183]
	chromedriver!GetHandleVerifier [0x7ff61155de0d+318bcd]
	chromedriver!GetHandleVerifier [0x7ff611558588+313348]
	chromedriver!GetHandleVerifier [0x7ff611579d7a+334b3a]
	chromedriver!GetHandleVerifier [0x7ff611276785+31545]
	chromedriver!GetHandleVerifier [0x7ff61127facc+3a88c]
	chromedriver!GetHandleVerifier [0x7ff611263634+1e3f4]
	chromedriver!GetHandleVerifier [0x7ff6112637e6+1e5a6]
	chromedriver!GetHandleVerifier [0x7ff611247e37+2bf7]
	KERNEL32!BaseThreadInitThunk [0x7ffb82a3e8d7+17]
	ntdll!RtlUserThreadStart [0x7ffb8418c48c+2c]

2026-04-08 22:04:30,458 - WARNING - Timeout on https://usatoday.com.
2026-04-08 22:04:35,147 - WARNING - Timeout on https://huffingtonpost.com.
2026-04-08 22:04:39,933 - WARNING - Error processing https://elpais.com: Message: session not created: DevToolsActivePort file doesn't exist; For documentation on this error, please visit: https://www.selenium.dev/documentation/webdriver/troubleshooting/errors#sessionnotcreatedexception
Stacktrace:
	chromedriver!GetHandleVerifier [0x7ff6115329c5+2ed785]
	chromedriver!GetHandleVerifier [0x7ff61125a0d0+14e90]
	chromedriver!(No symbol) [0x7ff610fbdb2d]
	chromedriver!(No symbol) [0x7ff611003ce6]
	chromedriver!(No symbol) [0x7ff610fff107]
	chromedriver!(No symbol) [0x7ff610ff97a1]
	chromedriver!(No symbol) [0x7ff61104dc51]
	chromedriver!(No symbol) [0x7ff61104d4b6]
	chromedriver!(No symbol) [0x7ff611009298]
	chromedriver!(No symbol) [0x7ff61100a183]
	chromedriver!GetHandleVerifier [0x7ff61155de0d+318bcd]
	chromedriver!GetHandleVerifier [0x7ff611558588+313348]
	chromedriver!GetHandleVerifier [0x7ff611579d7a+334b3a]
	chromedriver!GetHandleVerifier [0x7ff611276785+31545]
	chromedriver!GetHandleVerifier [0x7ff61127facc+3a88c]
	chromedriver!GetHandleVerifier [0x7ff611263634+1e3f4]
	chromedriver!GetHandleVerifier [0x7ff6112637e6+1e5a6]
	chromedriver!GetHandleVerifier [0x7ff611247e37+2bf7]
	KERNEL32!BaseThreadInitThunk [0x7ffb82a3e8d7+17]
	ntdll!RtlUserThreadStart [0x7ffb8418c48c+2c]

2026-04-08 22:04:48,804 - WARNING - Timeout on https://estadao.com.br.
2026-04-08 22:04:49,779 - WARNING - Timeout on https://washingtonpost.com.
2026-04-08 22:04:53,444 - WARNING - Timeout on https://forbes.com.
2026-04-08 22:05:07,183 - WARNING - Timeout on https://dailymail.co.uk.
2026-04-08 22:05:08,691 - WARNING - No elements found for https://reuters.com.
2026-04-08 22:05:25,622 - WARNING - Timeout on https://time.com.
2026-04-08 22:05:29,047 - WARNING - Error processing https://bbc.com: Message: session not created: DevToolsActivePort file doesn't exist; For documentation on this error, please visit: https://www.selenium.dev/documentation/webdriver/troubleshooting/errors#sessionnotcreatedexception
Stacktrace:
	chromedriver!GetHandleVerifier [0x7ff6115329c5+2ed785]
	chromedriver!GetHandleVerifier [0x7ff61125a0d0+14e90]
	chromedriver!(No symbol) [0x7ff610fbdb2d]
	chromedriver!(No symbol) [0x7ff611003ce6]
	chromedriver!(No symbol) [0x7ff610fff107]
	chromedriver!(No symbol) [0x7ff610ff97a1]
	chromedriver!(No symbol) [0x7ff61104dc51]
	chromedriver!(No symbol) [0x7ff61104d4b6]
	chromedriver!(No symbol) [0x7ff611009298]
	chromedriver!(No symbol) [0x7ff61100a183]
	chromedriver!GetHandleVerifier [0x7ff61155de0d+318bcd]
	chromedriver!GetHandleVerifier [0x7ff611558588+313348]
	chromedriver!GetHandleVerifier [0x7ff611579d7a+334b3a]
	chromedriver!GetHandleVerifier [0x7ff611276785+31545]
	chromedriver!GetHandleVerifier [0x7ff61127facc+3a88c]
	chromedriver!GetHandleVerifier [0x7ff611263634+1e3f4]
	chromedriver!GetHandleVerifier [0x7ff6112637e6+1e5a6]
	chromedriver!GetHandleVerifier [0x7ff611247e37+2bf7]
	KERNEL32!BaseThreadInitThunk [0x7ffb82a3e8d7+17]
	ntdll!RtlUserThreadStart [0x7ffb8418c48c+2c]

2026-04-08 22:05:42,757 - WARNING - Error processing https://mirror.co.uk: Message: session not created: DevToolsActivePort file doesn't exist; For documentation on this error, please visit: https://www.selenium.dev/documentation/webdriver/troubleshooting/errors#sessionnotcreatedexception
Stacktrace:
	chromedriver!GetHandleVerifier [0x7ff6115329c5+2ed785]
	chromedriver!GetHandleVerifier [0x7ff61125a0d0+14e90]
	chromedriver!(No symbol) [0x7ff610fbdb2d]
	chromedriver!(No symbol) [0x7ff611003ce6]
	chromedriver!(No symbol) [0x7ff610fff107]
	chromedriver!(No symbol) [0x7ff610ff97a1]
	chromedriver!(No symbol) [0x7ff61104dc51]
	chromedriver!(No symbol) [0x7ff61104d4b6]
	chromedriver!(No symbol) [0x7ff611009298]
	chromedriver!(No symbol) [0x7ff61100a183]
	chromedriver!GetHandleVerifier [0x7ff61155de0d+318bcd]
	chromedriver!GetHandleVerifier [0x7ff611558588+313348]
	chromedriver!GetHandleVerifier [0x7ff611579d7a+334b3a]
	chromedriver!GetHandleVerifier [0x7ff611276785+31545]
	chromedriver!GetHandleVerifier [0x7ff61127facc+3a88c]
	chromedriver!GetHandleVerifier [0x7ff611263634+1e3f4]
	chromedriver!GetHandleVerifier [0x7ff6112637e6+1e5a6]
	chromedriver!GetHandleVerifier [0x7ff611247e37+2bf7]
	KERNEL32!BaseThreadInitThunk [0x7ffb82a3e8d7+17]
	ntdll!RtlUserThreadStart [0x7ffb8418c48c+2c]

2026-04-08 22:05:45,310 - WARNING - Timeout on https://newyorker.com.
2026-04-08 22:06:00,857 - WARNING - Timeout on https://cbc.ca.
2026-04-08 22:06:02,951 - WARNING - Timeout on https://clarin.com.
2026-04-08 22:06:14,524 - WARNING - Timeout on https://foxnews.com.
2026-04-08 22:06:21,563 - WARNING - Timeout on https://sfgate.com.
2026-04-08 22:06:40,069 - WARNING - Timeout on https://sputniknews.com.
2026-04-08 22:06:41,796 - WARNING - Timeout on https://nypost.com.
2026-04-08 22:06:50,579 - WARNING - Error processing https://francetvinfo.fr: Message: session not created: DevToolsActivePort file doesn't exist; For documentation on this error, please visit: https://www.selenium.dev/documentation/webdriver/troubleshooting/errors#sessionnotcreatedexception
Stacktrace:
	chromedriver!GetHandleVerifier [0x7ff6115329c5+2ed785]
	chromedriver!GetHandleVerifier [0x7ff61125a0d0+14e90]
	chromedriver!(No symbol) [0x7ff610fbdb2d]
	chromedriver!(No symbol) [0x7ff611003ce6]
	chromedriver!(No symbol) [0x7ff610fff107]
	chromedriver!(No symbol) [0x7ff610ff97a1]
	chromedriver!(No symbol) [0x7ff61104dc51]
	chromedriver!(No symbol) [0x7ff61104d4b6]
	chromedriver!(No symbol) [0x7ff611009298]
	chromedriver!(No symbol) [0x7ff61100a183]
	chromedriver!GetHandleVerifier [0x7ff61155de0d+318bcd]
	chromedriver!GetHandleVerifier [0x7ff611558588+313348]
	chromedriver!GetHandleVerifier [0x7ff611579d7a+334b3a]
	chromedriver!GetHandleVerifier [0x7ff611276785+31545]
	chromedriver!GetHandleVerifier [0x7ff61127facc+3a88c]
	chromedriver!GetHandleVerifier [0x7ff611263634+1e3f4]
	chromedriver!GetHandleVerifier [0x7ff6112637e6+1e5a6]
	chromedriver!GetHandleVerifier [0x7ff611247e37+2bf7]
	KERNEL32!BaseThreadInitThunk [0x7ffb82a3e8d7+17]
	ntdll!RtlUserThreadStart [0x7ffb8418c48c+2c]

2026-04-08 22:06:58,455 - WARNING - Timeout on https://elmundo.es.
2026-04-08 22:07:00,165 - WARNING - Timeout on https://express.co.uk.
2026-04-08 22:07:06,047 - WARNING - Timeout on https://detik.com.
2026-04-08 22:07:16,865 - WARNING - Timeout on https://usnews.com.
2026-04-08 22:07:39,313 - WARNING - Timeout on https://nydailynews.com.
2026-04-08 22:08:03,496 - WARNING - Timeout on https://marca.com.
2026-04-08 22:08:28,581 - WARNING - Timeout on https://rt.com.
2026-04-08 22:08:35,298 - WARNING - Error processing https://ouest-france.fr: Message: unknown error: net::ERR_CONNECTION_REFUSED
  (Session info: chrome=146.0.7680.178)
Stacktrace:
	chromedriver!GetHandleVerifier [0x7ff6115329c5+2ed785]
	chromedriver!GetHandleVerifier [0x7ff61125a0d0+14e90]
	chromedriver!(No symbol) [0x7ff610fbdb2d]
	chromedriver!(No symbol) [0x7ff610fba654]
	chromedriver!(No symbol) [0x7ff610faa6d1]
	chromedriver!(No symbol) [0x7ff610fac5bf]
	chromedriver!(No symbol) [0x7ff610faac73]
	chromedriver!(No symbol) [0x7ff610faa43b]
	chromedriver!(No symbol) [0x7ff610faa0f1]
	chromedriver!(No symbol) [0x7ff610fa7d3b]
	chromedriver!(No symbol) [0x7ff610fa8482]
	chromedriver!(No symbol) [0x7ff610fc1de6]
	chromedriver!(No symbol) [0x7ff611064994]
	chromedriver!(No symbol) [0x7ff61103ff8a]
	chromedriver!(No symbol) [0x7ff611063b9b]
	chromedriver!(No symbol) [0x7ff611009298]
	chromedriver!(No symbol) [0x7ff61100a183]
	chromedriver!GetHandleVerifier [0x7ff61155de0d+318bcd]
	chromedriver!GetHandleVerifier [0x7ff611558588+313348]
	chromedriver!GetHandleVerifier [0x7ff611579d7a+334b3a]
	chromedriver!GetHandleVerifier [0x7ff611276785+31545]
	chromedriver!GetHandleVerifier [0x7ff61127facc+3a88c]
	chromedriver!GetHandleVerifier [0x7ff611263634+1e3f4]
	chromedriver!GetHandleVerifier [0x7ff6112637e6+1e5a6]
	chromedriver!GetHandleVerifier [0x7ff611247e37+2bf7]
	KERNEL32!BaseThreadInitThunk [0x7ffb82a3e8d7+17]
	ntdll!RtlUserThreadStart [0x7ffb8418c48c+2c]

2026-04-08 22:08:48,247 - WARNING - Timeout on https://standard.co.uk.
2026-04-08 22:09:07,059 - WARNING - Timeout on https://apnews.com.
2026-04-08 22:09:08,472 - WARNING - Error processing https://mashable.com: Message: session not created: DevToolsActivePort file doesn't exist; For documentation on this error, please visit: https://www.selenium.dev/documentation/webdriver/troubleshooting/errors#sessionnotcreatedexception
Stacktrace:
	chromedriver!GetHandleVerifier [0x7ff6115329c5+2ed785]
	chromedriver!GetHandleVerifier [0x7ff61125a0d0+14e90]
	chromedriver!(No symbol) [0x7ff610fbdb2d]
	chromedriver!(No symbol) [0x7ff611003ce6]
	chromedriver!(No symbol) [0x7ff610fff107]
	chromedriver!(No symbol) [0x7ff610ff97a1]
	chromedriver!(No symbol) [0x7ff61104dc51]
	chromedriver!(No symbol) [0x7ff61104d4b6]
	chromedriver!(No symbol) [0x7ff611009298]
	chromedriver!(No symbol) [0x7ff61100a183]
	chromedriver!GetHandleVerifier [0x7ff61155de0d+318bcd]
	chromedriver!GetHandleVerifier [0x7ff611558588+313348]
	chromedriver!GetHandleVerifier [0x7ff611579d7a+334b3a]
	chromedriver!GetHandleVerifier [0x7ff611276785+31545]
	chromedriver!GetHandleVerifier [0x7ff61127facc+3a88c]
	chromedriver!GetHandleVerifier [0x7ff611263634+1e3f4]
	chromedriver!GetHandleVerifier [0x7ff6112637e6+1e5a6]
	chromedriver!GetHandleVerifier [0x7ff611247e37+2bf7]
	KERNEL32!BaseThreadInitThunk [0x7ffb82a3e8d7+17]
	ntdll!RtlUserThreadStart [0x7ffb8418c48c+2c]

2026-04-08 22:09:12,565 - WARNING - Timeout on https://theglobeandmail.com.
2026-04-08 22:09:14,057 - WARNING - Timeout on https://europapress.es.
2026-04-08 22:09:31,258 - WARNING - Timeout on https://sina.com.cn.
2026-04-08 22:09:56,342 - WARNING - Timeout on https://news.com.au.
2026-04-08 22:10:12,452 - WARNING - Timeout on https://scmp.com.
2026-04-08 22:10:19,065 - WARNING - Error processing https://nikkei.com: Message: session not created: DevToolsActivePort file doesn't exist; For documentation on this error, please visit: https://www.selenium.dev/documentation/webdriver/troubleshooting/errors#sessionnotcreatedexception
Stacktrace:
	chromedriver!GetHandleVerifier [0x7ff6115329c5+2ed785]
	chromedriver!GetHandleVerifier [0x7ff61125a0d0+14e90]
	chromedriver!(No symbol) [0x7ff610fbdb2d]
	chromedriver!(No symbol) [0x7ff611003ce6]
	chromedriver!(No symbol) [0x7ff610fff107]
	chromedriver!(No symbol) [0x7ff610ff97a1]
	chromedriver!(No symbol) [0x7ff61104dc51]
	chromedriver!(No symbol) [0x7ff61104d4b6]
	chromedriver!(No symbol) [0x7ff611009298]
	chromedriver!(No symbol) [0x7ff61100a183]
	chromedriver!GetHandleVerifier [0x7ff61155de0d+318bcd]
	chromedriver!GetHandleVerifier [0x7ff611558588+313348]
	chromedriver!GetHandleVerifier [0x7ff611579d7a+334b3a]
	chromedriver!GetHandleVerifier [0x7ff611276785+31545]
	chromedriver!GetHandleVerifier [0x7ff61127facc+3a88c]
	chromedriver!GetHandleVerifier [0x7ff611263634+1e3f4]
	chromedriver!GetHandleVerifier [0x7ff6112637e6+1e5a6]
	chromedriver!GetHandleVerifier [0x7ff611247e37+2bf7]
	KERNEL32!BaseThreadInitThunk [0x7ffb82a3e8d7+17]
	ntdll!RtlUserThreadStart [0x7ffb8418c48c+2c]

2026-04-08 22:10:25,508 - WARNING - No elements found for https://globo.com.
2026-04-08 22:10:30,987 - WARNING - Timeout on https://boston.com.
2026-04-08 22:10:36,378 - WARNING - Error processing https://ap.org: Message: session not created: DevToolsActivePort file doesn't exist; For documentation on this error, please visit: https://www.selenium.dev/documentation/webdriver/troubleshooting/errors#sessionnotcreatedexception
Stacktrace:
	chromedriver!GetHandleVerifier [0x7ff6115329c5+2ed785]
	chromedriver!GetHandleVerifier [0x7ff61125a0d0+14e90]
	chromedriver!(No symbol) [0x7ff610fbdb2d]
	chromedriver!(No symbol) [0x7ff611003ce6]
	chromedriver!(No symbol) [0x7ff610fff107]
	chromedriver!(No symbol) [0x7ff610ff97a1]
	chromedriver!(No symbol) [0x7ff61104dc51]
	chromedriver!(No symbol) [0x7ff61104d4b6]
	chromedriver!(No symbol) [0x7ff611009298]
	chromedriver!(No symbol) [0x7ff61100a183]
	chromedriver!GetHandleVerifier [0x7ff61155de0d+318bcd]
	chromedriver!GetHandleVerifier [0x7ff611558588+313348]
	chromedriver!GetHandleVerifier [0x7ff611579d7a+334b3a]
	chromedriver!GetHandleVerifier [0x7ff611276785+31545]
	chromedriver!GetHandleVerifier [0x7ff61127facc+3a88c]
	chromedriver!GetHandleVerifier [0x7ff611263634+1e3f4]
	chromedriver!GetHandleVerifier [0x7ff6112637e6+1e5a6]
	chromedriver!GetHandleVerifier [0x7ff611247e37+2bf7]
	KERNEL32!BaseThreadInitThunk [0x7ffb82a3e8d7+17]
	ntdll!RtlUserThreadStart [0x7ffb8418c48c+2c]

2026-04-08 22:10:38,772 - WARNING - Timeout on https://terra.com.br.
2026-04-08 22:10:43,928 - WARNING - Timeout on https://uol.com.br.
2026-04-08 22:11:18,841 - WARNING - Timeout on https://vice.com.
2026-04-08 22:11:25,961 - WARNING - Error processing https://ig.com.br: Message: session not created: DevToolsActivePort file doesn't exist; For documentation on this error, please visit: https://www.selenium.dev/documentation/webdriver/troubleshooting/errors#sessionnotcreatedexception
Stacktrace:
	chromedriver!GetHandleVerifier [0x7ff6115329c5+2ed785]
	chromedriver!GetHandleVerifier [0x7ff61125a0d0+14e90]
	chromedriver!(No symbol) [0x7ff610fbdb2d]
	chromedriver!(No symbol) [0x7ff611003ce6]
	chromedriver!(No symbol) [0x7ff610fff107]
	chromedriver!(No symbol) [0x7ff610ff97a1]
	chromedriver!(No symbol) [0x7ff61104dc51]
	chromedriver!(No symbol) [0x7ff61104d4b6]
	chromedriver!(No symbol) [0x7ff611009298]
	chromedriver!(No symbol) [0x7ff61100a183]
	chromedriver!GetHandleVerifier [0x7ff61155de0d+318bcd]
	chromedriver!GetHandleVerifier [0x7ff611558588+313348]
	chromedriver!GetHandleVerifier [0x7ff611579d7a+334b3a]
	chromedriver!GetHandleVerifier [0x7ff611276785+31545]
	chromedriver!GetHandleVerifier [0x7ff61127facc+3a88c]
	chromedriver!GetHandleVerifier [0x7ff611263634+1e3f4]
	chromedriver!GetHandleVerifier [0x7ff6112637e6+1e5a6]
	chromedriver!GetHandleVerifier [0x7ff611247e37+2bf7]
	KERNEL32!BaseThreadInitThunk [0x7ffb82a3e8d7+17]
	ntdll!RtlUserThreadStart [0x7ffb8418c48c+2c]

2026-04-08 22:11:38,419 - WARNING - Timeout on https://wired.com.
2026-04-08 22:11:48,986 - WARNING - Error processing https://engadget.com: Message: session not created: DevToolsActivePort file doesn't exist; For documentation on this error, please visit: https://www.selenium.dev/documentation/webdriver/troubleshooting/errors#sessionnotcreatedexception
Stacktrace:
	chromedriver!GetHandleVerifier [0x7ff6115329c5+2ed785]
	chromedriver!GetHandleVerifier [0x7ff61125a0d0+14e90]
	chromedriver!(No symbol) [0x7ff610fbdb2d]
	chromedriver!(No symbol) [0x7ff611003ce6]
	chromedriver!(No symbol) [0x7ff610fff107]
	chromedriver!(No symbol) [0x7ff610ff97a1]
	chromedriver!(No symbol) [0x7ff61104dc51]
	chromedriver!(No symbol) [0x7ff61104d4b6]
	chromedriver!(No symbol) [0x7ff611009298]
	chromedriver!(No symbol) [0x7ff61100a183]
	chromedriver!GetHandleVerifier [0x7ff61155de0d+318bcd]
	chromedriver!GetHandleVerifier [0x7ff611558588+313348]
	chromedriver!GetHandleVerifier [0x7ff611579d7a+334b3a]
	chromedriver!GetHandleVerifier [0x7ff611276785+31545]
	chromedriver!GetHandleVerifier [0x7ff61127facc+3a88c]
	chromedriver!GetHandleVerifier [0x7ff611263634+1e3f4]
	chromedriver!GetHandleVerifier [0x7ff6112637e6+1e5a6]
	chromedriver!GetHandleVerifier [0x7ff611247e37+2bf7]
	KERNEL32!BaseThreadInitThunk [0x7ffb82a3e8d7+17]
	ntdll!RtlUserThreadStart [0x7ffb8418c48c+2c]

2026-04-08 22:11:56,778 - WARNING - Timeout on https://techradar.com.
2026-04-08 22:12:05,445 - WARNING - Timeout on https://tmz.com.
2026-04-08 22:12:11,045 - WARNING - Timeout on https://theverge.com.
2026-04-08 22:12:15,476 - WARNING - Timeout on https://gizmodo.com.
2026-04-08 22:14:08,881 - WARNING - No elements found for https://archive.org.
2026-04-08 22:15:43,976 - WARNING - Timeout on https://merriam-webster.com.
2026-04-08 22:16:12,497 - WARNING - Timeout on https://webmd.com.
2026-04-08 22:17:00,415 - WARNING - Timeout on https://www.gov.br.
2026-04-08 22:17:18,769 - WARNING - Timeout on https://gnu.org.
2026-04-08 22:17:40,160 - WARNING - Error processing https://privacyshield.gov: Message: unknown error: net::ERR_CONNECTION_RESET
  (Session info: chrome=146.0.7680.178)
Stacktrace:
	chromedriver!GetHandleVerifier [0x7ff6115329c5+2ed785]
	chromedriver!GetHandleVerifier [0x7ff61125a0d0+14e90]
	chromedriver!(No symbol) [0x7ff610fbdb2d]
	chromedriver!(No symbol) [0x7ff610fba654]
	chromedriver!(No symbol) [0x7ff610faa6d1]
	chromedriver!(No symbol) [0x7ff610fac5bf]
	chromedriver!(No symbol) [0x7ff610faac73]
	chromedriver!(No symbol) [0x7ff610faa43b]
	chromedriver!(No symbol) [0x7ff610faa0f1]
	chromedriver!(No symbol) [0x7ff610fa7d3b]
	chromedriver!(No symbol) [0x7ff610fa8482]
	chromedriver!(No symbol) [0x7ff610fc1de6]
	chromedriver!(No symbol) [0x7ff611064994]
	chromedriver!(No symbol) [0x7ff61103ff8a]
	chromedriver!(No symbol) [0x7ff611063b9b]
	chromedriver!(No symbol) [0x7ff611009298]
	chromedriver!(No symbol) [0x7ff61100a183]
	chromedriver!GetHandleVerifier [0x7ff61155de0d+318bcd]
	chromedriver!GetHandleVerifier [0x7ff611558588+313348]
	chromedriver!GetHandleVerifier [0x7ff611579d7a+334b3a]
	chromedriver!GetHandleVerifier [0x7ff611276785+31545]
	chromedriver!GetHandleVerifier [0x7ff61127facc+3a88c]
	chromedriver!GetHandleVerifier [0x7ff611263634+1e3f4]
	chromedriver!GetHandleVerifier [0x7ff6112637e6+1e5a6]
	chromedriver!GetHandleVerifier [0x7ff611247e37+2bf7]
	KERNEL32!BaseThreadInitThunk [0x7ffb82a3e8d7+17]
	ntdll!RtlUserThreadStart [0x7ffb8418c48c+2c]

2026-04-08 22:17:49,880 - WARNING - Error processing https://bp.blogspot.com: Message: unknown error: net::ERR_NAME_NOT_RESOLVED
  (Session info: chrome=146.0.7680.178)
Stacktrace:
	chromedriver!GetHandleVerifier [0x7ff6115329c5+2ed785]
	chromedriver!GetHandleVerifier [0x7ff61125a0d0+14e90]
	chromedriver!(No symbol) [0x7ff610fbdb2d]
	chromedriver!(No symbol) [0x7ff610fba654]
	chromedriver!(No symbol) [0x7ff610faa6d1]
	chromedriver!(No symbol) [0x7ff610fac5bf]
	chromedriver!(No symbol) [0x7ff610faac73]
	chromedriver!(No symbol) [0x7ff610faa43b]
	chromedriver!(No symbol) [0x7ff610faa0f1]
	chromedriver!(No symbol) [0x7ff610fa7d3b]
	chromedriver!(No symbol) [0x7ff610fa8482]
	chromedriver!(No symbol) [0x7ff610fc1de6]
	chromedriver!(No symbol) [0x7ff611064994]
	chromedriver!(No symbol) [0x7ff61103ff8a]
	chromedriver!(No symbol) [0x7ff611063b9b]
	chromedriver!(No symbol) [0x7ff611009298]
	chromedriver!(No symbol) [0x7ff61100a183]
	chromedriver!GetHandleVerifier [0x7ff61155de0d+318bcd]
	chromedriver!GetHandleVerifier [0x7ff611558588+313348]
	chromedriver!GetHandleVerifier [0x7ff611579d7a+334b3a]
	chromedriver!GetHandleVerifier [0x7ff611276785+31545]
	chromedriver!GetHandleVerifier [0x7ff61127facc+3a88c]
	chromedriver!GetHandleVerifier [0x7ff611263634+1e3f4]
	chromedriver!GetHandleVerifier [0x7ff6112637e6+1e5a6]
	chromedriver!GetHandleVerifier [0x7ff611247e37+2bf7]
	KERNEL32!BaseThreadInitThunk [0x7ffb82a3e8d7+17]
	ntdll!RtlUserThreadStart [0x7ffb8418c48c+2c]

2026-04-08 22:18:08,366 - WARNING - Error processing https://jimdofree.com: Message: unknown error: net::ERR_NAME_NOT_RESOLVED
  (Session info: chrome=146.0.7680.178)
Stacktrace:
	chromedriver!GetHandleVerifier [0x7ff6115329c5+2ed785]
	chromedriver!GetHandleVerifier [0x7ff61125a0d0+14e90]
	chromedriver!(No symbol) [0x7ff610fbdb2d]
	chromedriver!(No symbol) [0x7ff610fba654]
	chromedriver!(No symbol) [0x7ff610faa6d1]
	chromedriver!(No symbol) [0x7ff610fac5bf]
	chromedriver!(No symbol) [0x7ff610faac73]
	chromedriver!(No symbol) [0x7ff610faa43b]
	chromedriver!(No symbol) [0x7ff610faa0f1]
	chromedriver!(No symbol) [0x7ff610fa7d3b]
	chromedriver!(No symbol) [0x7ff610fa8482]
	chromedriver!(No symbol) [0x7ff610fc1de6]
	chromedriver!(No symbol) [0x7ff611064994]
	chromedriver!(No symbol) [0x7ff61103ff8a]
	chromedriver!(No symbol) [0x7ff611063b9b]
	chromedriver!(No symbol) [0x7ff611009298]
	chromedriver!(No symbol) [0x7ff61100a183]
	chromedriver!GetHandleVerifier [0x7ff61155de0d+318bcd]
	chromedriver!GetHandleVerifier [0x7ff611558588+313348]
	chromedriver!GetHandleVerifier [0x7ff611579d7a+334b3a]
	chromedriver!GetHandleVerifier [0x7ff611276785+31545]
	chromedriver!GetHandleVerifier [0x7ff61127facc+3a88c]
	chromedriver!GetHandleVerifier [0x7ff611263634+1e3f4]
	chromedriver!GetHandleVerifier [0x7ff6112637e6+1e5a6]
	chromedriver!GetHandleVerifier [0x7ff611247e37+2bf7]
	KERNEL32!BaseThreadInitThunk [0x7ffb82a3e8d7+17]
	ntdll!RtlUserThreadStart [0x7ffb8418c48c+2c]

2026-04-08 22:19:04,733 - WARNING - Timeout on https://www.livejournal.com.
2026-04-08 22:19:22,131 - WARNING - Error processing https://amebaownd.com: Message: unknown error: net::ERR_NAME_NOT_RESOLVED
  (Session info: chrome=146.0.7680.178)
Stacktrace:
	chromedriver!GetHandleVerifier [0x7ff6115329c5+2ed785]
	chromedriver!GetHandleVerifier [0x7ff61125a0d0+14e90]
	chromedriver!(No symbol) [0x7ff610fbdb2d]
	chromedriver!(No symbol) [0x7ff610fba654]
	chromedriver!(No symbol) [0x7ff610faa6d1]
	chromedriver!(No symbol) [0x7ff610fac5bf]
	chromedriver!(No symbol) [0x7ff610faac73]
	chromedriver!(No symbol) [0x7ff610faa43b]
	chromedriver!(No symbol) [0x7ff610faa0f1]
	chromedriver!(No symbol) [0x7ff610fa7d3b]
	chromedriver!(No symbol) [0x7ff610fa8482]
	chromedriver!(No symbol) [0x7ff610fc1de6]
	chromedriver!(No symbol) [0x7ff611064994]
	chromedriver!(No symbol) [0x7ff61103ff8a]
	chromedriver!(No symbol) [0x7ff611063b9b]
	chromedriver!(No symbol) [0x7ff611009298]
	chromedriver!(No symbol) [0x7ff61100a183]
	chromedriver!GetHandleVerifier [0x7ff61155de0d+318bcd]
	chromedriver!GetHandleVerifier [0x7ff611558588+313348]
	chromedriver!GetHandleVerifier [0x7ff611579d7a+334b3a]
	chromedriver!GetHandleVerifier [0x7ff611276785+31545]
	chromedriver!GetHandleVerifier [0x7ff61127facc+3a88c]
	chromedriver!GetHandleVerifier [0x7ff611263634+1e3f4]
	chromedriver!GetHandleVerifier [0x7ff6112637e6+1e5a6]
	chromedriver!GetHandleVerifier [0x7ff611247e37+2bf7]
	KERNEL32!BaseThreadInitThunk [0x7ffb82a3e8d7+17]
	ntdll!RtlUserThreadStart [0x7ffb8418c48c+2c]

2026-04-08 22:23:38,519 - WARNING - Timeout on https://blackberry.com.
2026-04-08 22:24:21,433 - WARNING - Retrying (Retry(total=2, connect=None, read=None, redirect=None, status=None)) after connection broken by 'ConnectionResetError(10054, 'An existing connection was forcibly closed by the remote host', None, 10054, None)': /session/c2612627050f47648c0383d831a91840/element/f.D79E57C42888AFDA70EABEB29ADDE9BD.d.29CE850CB5D90FEE552C2C89E77367D3.e.174/name
2026-04-08 22:24:25,490 - WARNING - Retrying (Retry(total=1, connect=None, read=None, redirect=None, status=None)) after connection broken by 'NewConnectionError("HTTPConnection(host='localhost', port=51140): Failed to establish a new connection: [WinError 10061] No connection could be made because the target machine actively refused it")': /session/c2612627050f47648c0383d831a91840/element/f.D79E57C42888AFDA70EABEB29ADDE9BD.d.29CE850CB5D90FEE552C2C89E77367D3.e.174/name
2026-04-08 22:24:29,543 - WARNING - Retrying (Retry(total=0, connect=None, read=None, redirect=None, status=None)) after connection broken by 'NewConnectionError("HTTPConnection(host='localhost', port=51140): Failed to establish a new connection: [WinError 10061] No connection could be made because the target machine actively refused it")': /session/c2612627050f47648c0383d831a91840/element/f.D79E57C42888AFDA70EABEB29ADDE9BD.d.29CE850CB5D90FEE552C2C89E77367D3.e.174/name
2026-04-08 22:24:37,673 - WARNING - Retrying (Retry(total=2, connect=None, read=None, redirect=None, status=None)) after connection broken by 'NewConnectionError("HTTPConnection(host='localhost', port=51140): Failed to establish a new connection: [WinError 10061] No connection could be made because the target machine actively refused it")': /session/c2612627050f47648c0383d831a91840/execute/sync
2026-04-08 22:24:41,740 - WARNING - Retrying (Retry(total=1, connect=None, read=None, redirect=None, status=None)) after connection broken by 'NewConnectionError("HTTPConnection(host='localhost', port=51140): Failed to establish a new connection: [WinError 10061] No connection could be made because the target machine actively refused it")': /session/c2612627050f47648c0383d831a91840/execute/sync
2026-04-08 22:24:45,788 - WARNING - Retrying (Retry(total=0, connect=None, read=None, redirect=None, status=None)) after connection broken by 'NewConnectionError("HTTPConnection(host='localhost', port=51140): Failed to establish a new connection: [WinError 10061] No connection could be made because the target machine actively refused it")': /session/c2612627050f47648c0383d831a91840/execute/sync
2026-04-08 22:24:53,907 - WARNING - Retrying (Retry(total=2, connect=None, read=None, redirect=None, status=None)) after connection broken by 'NewConnectionError("HTTPConnection(host='localhost', port=51140): Failed to establish a new connection: [WinError 10061] No connection could be made because the target machine actively refused it")': /session/c2612627050f47648c0383d831a91840/execute/sync
2026-04-08 22:24:57,999 - WARNING - Retrying (Retry(total=1, connect=None, read=None, redirect=None, status=None)) after connection broken by 'NewConnectionError("HTTPConnection(host='localhost', port=51140): Failed to establish a new connection: [WinError 10061] No connection could be made because the target machine actively refused it")': /session/c2612627050f47648c0383d831a91840/execute/sync
2026-04-08 22:25:02,059 - WARNING - Retrying (Retry(total=0, connect=None, read=None, redirect=None, status=None)) after connection broken by 'NewConnectionError("HTTPConnection(host='localhost', port=51140): Failed to establish a new connection: [WinError 10061] No connection could be made because the target machine actively refused it")': /session/c2612627050f47648c0383d831a91840/execute/sync
2026-04-08 22:25:10,198 - WARNING - Retrying (Retry(total=2, connect=None, read=None, redirect=None, status=None)) after connection broken by 'NewConnectionError("HTTPConnection(host='localhost', port=51140): Failed to establish a new connection: [WinError 10061] No connection could be made because the target machine actively refused it")': /session/c2612627050f47648c0383d831a91840/execute/sync
2026-04-08 22:25:14,273 - WARNING - Retrying (Retry(total=1, connect=None, read=None, redirect=None, status=None)) after connection broken by 'NewConnectionError("HTTPConnection(host='localhost', port=51140): Failed to establish a new connection: [WinError 10061] No connection could be made because the target machine actively refused it")': /session/c2612627050f47648c0383d831a91840/execute/sync
2026-04-08 22:25:18,346 - WARNING - Retrying (Retry(total=0, connect=None, read=None, redirect=None, status=None)) after connection broken by 'NewConnectionError("HTTPConnection(host='localhost', port=51140): Failed to establish a new connection: [WinError 10061] No connection could be made because the target machine actively refused it")': /session/c2612627050f47648c0383d831a91840/execute/sync
2026-04-08 22:25:26,500 - WARNING - Retrying (Retry(total=2, connect=None, read=None, redirect=None, status=None)) after connection broken by 'NewConnectionError("HTTPConnection(host='localhost', port=51140): Failed to establish a new connection: [WinError 10061] No connection could be made because the target machine actively refused it")': /session/c2612627050f47648c0383d831a91840/execute/sync
2026-04-08 22:25:30,435 - WARNING - No elements found for https://shutterstock.com.
2026-04-08 22:25:30,551 - WARNING - Retrying (Retry(total=1, connect=None, read=None, redirect=None, status=None)) after connection broken by 'NewConnectionError("HTTPConnection(host='localhost', port=51140): Failed to establish a new connection: [WinError 10061] No connection could be made because the target machine actively refused it")': /session/c2612627050f47648c0383d831a91840/execute/sync
2026-04-08 22:25:34,638 - WARNING - Retrying (Retry(total=0, connect=None, read=None, redirect=None, status=None)) after connection broken by 'NewConnectionError("HTTPConnection(host='localhost', port=51140): Failed to establish a new connection: [WinError 10061] No connection could be made because the target machine actively refused it")': /session/c2612627050f47648c0383d831a91840/execute/sync
2026-04-08 22:25:42,769 - WARNING - Retrying (Retry(total=2, connect=None, read=None, redirect=None, status=None)) after connection broken by 'NewConnectionError("HTTPConnection(host='localhost', port=51140): Failed to establish a new connection: [WinError 10061] No connection could be made because the target machine actively refused it")': /session/c2612627050f47648c0383d831a91840/execute/sync
2026-04-08 22:25:46,809 - WARNING - Retrying (Retry(total=1, connect=None, read=None, redirect=None, status=None)) after connection broken by 'NewConnectionError("HTTPConnection(host='localhost', port=51140): Failed to establish a new connection: [WinError 10061] No connection could be made because the target machine actively refused it")': /session/c2612627050f47648c0383d831a91840/execute/sync
2026-04-08 22:25:50,855 - WARNING - Retrying (Retry(total=0, connect=None, read=None, redirect=None, status=None)) after connection broken by 'NewConnectionError("HTTPConnection(host='localhost', port=51140): Failed to establish a new connection: [WinError 10061] No connection could be made because the target machine actively refused it")': /session/c2612627050f47648c0383d831a91840/execute/sync
2026-04-08 22:25:58,958 - WARNING - Retrying (Retry(total=2, connect=None, read=None, redirect=None, status=None)) after connection broken by 'NewConnectionError("HTTPConnection(host='localhost', port=51140): Failed to establish a new connection: [WinError 10061] No connection could be made because the target machine actively refused it")': /session/c2612627050f47648c0383d831a91840/execute/sync
2026-04-08 22:26:03,000 - WARNING - Retrying (Retry(total=1, connect=None, read=None, redirect=None, status=None)) after connection broken by 'NewConnectionError("HTTPConnection(host='localhost', port=51140): Failed to establish a new connection: [WinError 10061] No connection could be made because the target machine actively refused it")': /session/c2612627050f47648c0383d831a91840/execute/sync
2026-04-08 22:26:07,070 - WARNING - Retrying (Retry(total=0, connect=None, read=None, redirect=None, status=None)) after connection broken by 'NewConnectionError("HTTPConnection(host='localhost', port=51140): Failed to establish a new connection: [WinError 10061] No connection could be made because the target machine actively refused it")': /session/c2612627050f47648c0383d831a91840/execute/sync
2026-04-08 22:26:15,151 - WARNING - Retrying (Retry(total=2, connect=None, read=None, redirect=None, status=None)) after connection broken by 'NewConnectionError("HTTPConnection(host='localhost', port=51140): Failed to establish a new connection: [WinError 10061] No connection could be made because the target machine actively refused it")': /session/c2612627050f47648c0383d831a91840/execute/sync
2026-04-08 22:26:19,185 - WARNING - Retrying (Retry(total=1, connect=None, read=None, redirect=None, status=None)) after connection broken by 'NewConnectionError("HTTPConnection(host='localhost', port=51140): Failed to establish a new connection: [WinError 10061] No connection could be made because the target machine actively refused it")': /session/c2612627050f47648c0383d831a91840/execute/sync
2026-04-08 22:26:23,245 - WARNING - Retrying (Retry(total=0, connect=None, read=None, redirect=None, status=None)) after connection broken by 'NewConnectionError("HTTPConnection(host='localhost', port=51140): Failed to establish a new connection: [WinError 10061] No connection could be made because the target machine actively refused it")': /session/c2612627050f47648c0383d831a91840/execute/sync
2026-04-08 22:26:31,350 - WARNING - Retrying (Retry(total=2, connect=None, read=None, redirect=None, status=None)) after connection broken by 'NewConnectionError("HTTPConnection(host='localhost', port=51140): Failed to establish a new connection: [WinError 10061] No connection could be made because the target machine actively refused it")': /session/c2612627050f47648c0383d831a91840/execute/sync
2026-04-08 22:26:35,424 - WARNING - Retrying (Retry(total=1, connect=None, read=None, redirect=None, status=None)) after connection broken by 'NewConnectionError("HTTPConnection(host='localhost', port=51140): Failed to establish a new connection: [WinError 10061] No connection could be made because the target machine actively refused it")': /session/c2612627050f47648c0383d831a91840/execute/sync
2026-04-08 22:26:39,489 - WARNING - Retrying (Retry(total=0, connect=None, read=None, redirect=None, status=None)) after connection broken by 'NewConnectionError("HTTPConnection(host='localhost', port=51140): Failed to establish a new connection: [WinError 10061] No connection could be made because the target machine actively refused it")': /session/c2612627050f47648c0383d831a91840/execute/sync
2026-04-08 22:26:47,566 - WARNING - Retrying (Retry(total=2, connect=None, read=None, redirect=None, status=None)) after connection broken by 'NewConnectionError("HTTPConnection(host='localhost', port=51140): Failed to establish a new connection: [WinError 10061] No connection could be made because the target machine actively refused it")': /session/c2612627050f47648c0383d831a91840/execute/sync
2026-04-08 22:26:51,610 - WARNING - Retrying (Retry(total=1, connect=None, read=None, redirect=None, status=None)) after connection broken by 'NewConnectionError("HTTPConnection(host='localhost', port=51140): Failed to establish a new connection: [WinError 10061] No connection could be made because the target machine actively refused it")': /session/c2612627050f47648c0383d831a91840/execute/sync
2026-04-08 22:26:55,674 - WARNING - Retrying (Retry(total=0, connect=None, read=None, redirect=None, status=None)) after connection broken by 'NewConnectionError("HTTPConnection(host='localhost', port=51140): Failed to establish a new connection: [WinError 10061] No connection could be made because the target machine actively refused it")': /session/c2612627050f47648c0383d831a91840/execute/sync
2026-04-08 22:27:03,771 - WARNING - Retrying (Retry(total=2, connect=None, read=None, redirect=None, status=None)) after connection broken by 'NewConnectionError("HTTPConnection(host='localhost', port=51140): Failed to establish a new connection: [WinError 10061] No connection could be made because the target machine actively refused it")': /session/c2612627050f47648c0383d831a91840/execute/sync
2026-04-08 22:27:07,845 - WARNING - Retrying (Retry(total=1, connect=None, read=None, redirect=None, status=None)) after connection broken by 'NewConnectionError("HTTPConnection(host='localhost', port=51140): Failed to establish a new connection: [WinError 10061] No connection could be made because the target machine actively refused it")': /session/c2612627050f47648c0383d831a91840/execute/sync
2026-04-08 22:27:11,895 - WARNING - Retrying (Retry(total=0, connect=None, read=None, redirect=None, status=None)) after connection broken by 'NewConnectionError("HTTPConnection(host='localhost', port=51140): Failed to establish a new connection: [WinError 10061] No connection could be made because the target machine actively refused it")': /session/c2612627050f47648c0383d831a91840/execute/sync
2026-04-08 22:27:20,017 - WARNING - Retrying (Retry(total=2, connect=None, read=None, redirect=None, status=None)) after connection broken by 'NewConnectionError("HTTPConnection(host='localhost', port=51140): Failed to establish a new connection: [WinError 10061] No connection could be made because the target machine actively refused it")': /session/c2612627050f47648c0383d831a91840/execute/sync
2026-04-08 22:27:24,080 - WARNING - Retrying (Retry(total=1, connect=None, read=None, redirect=None, status=None)) after connection broken by 'NewConnectionError("HTTPConnection(host='localhost', port=51140): Failed to establish a new connection: [WinError 10061] No connection could be made because the target machine actively refused it")': /session/c2612627050f47648c0383d831a91840/execute/sync
2026-04-08 22:27:28,116 - WARNING - Retrying (Retry(total=0, connect=None, read=None, redirect=None, status=None)) after connection broken by 'NewConnectionError("HTTPConnection(host='localhost', port=51140): Failed to establish a new connection: [WinError 10061] No connection could be made because the target machine actively refused it")': /session/c2612627050f47648c0383d831a91840/execute/sync
2026-04-08 22:27:36,205 - WARNING - Retrying (Retry(total=2, connect=None, read=None, redirect=None, status=None)) after connection broken by 'NewConnectionError("HTTPConnection(host='localhost', port=51140): Failed to establish a new connection: [WinError 10061] No connection could be made because the target machine actively refused it")': /session/c2612627050f47648c0383d831a91840/execute/sync
2026-04-08 22:27:40,264 - WARNING - Retrying (Retry(total=1, connect=None, read=None, redirect=None, status=None)) after connection broken by 'NewConnectionError("HTTPConnection(host='localhost', port=51140): Failed to establish a new connection: [WinError 10061] No connection could be made because the target machine actively refused it")': /session/c2612627050f47648c0383d831a91840/execute/sync
2026-04-08 22:27:44,357 - WARNING - Retrying (Retry(total=0, connect=None, read=None, redirect=None, status=None)) after connection broken by 'NewConnectionError("HTTPConnection(host='localhost', port=51140): Failed to establish a new connection: [WinError 10061] No connection could be made because the target machine actively refused it")': /session/c2612627050f47648c0383d831a91840/execute/sync
2026-04-08 22:27:52,474 - WARNING - Retrying (Retry(total=2, connect=None, read=None, redirect=None, status=None)) after connection broken by 'NewConnectionError("HTTPConnection(host='localhost', port=51140): Failed to establish a new connection: [WinError 10061] No connection could be made because the target machine actively refused it")': /session/c2612627050f47648c0383d831a91840/execute/sync
2026-04-08 22:27:56,531 - WARNING - Retrying (Retry(total=1, connect=None, read=None, redirect=None, status=None)) after connection broken by 'NewConnectionError("HTTPConnection(host='localhost', port=51140): Failed to establish a new connection: [WinError 10061] No connection could be made because the target machine actively refused it")': /session/c2612627050f47648c0383d831a91840/execute/sync
2026-04-08 22:28:00,578 - WARNING - Retrying (Retry(total=0, connect=None, read=None, redirect=None, status=None)) after connection broken by 'NewConnectionError("HTTPConnection(host='localhost', port=51140): Failed to establish a new connection: [WinError 10061] No connection could be made because the target machine actively refused it")': /session/c2612627050f47648c0383d831a91840/execute/sync
2026-04-08 22:28:08,706 - WARNING - Retrying (Retry(total=2, connect=None, read=None, redirect=None, status=None)) after connection broken by 'NewConnectionError("HTTPConnection(host='localhost', port=51140): Failed to establish a new connection: [WinError 10061] No connection could be made because the target machine actively refused it")': /session/c2612627050f47648c0383d831a91840/execute/sync
2026-04-08 22:28:12,804 - WARNING - Retrying (Retry(total=1, connect=None, read=None, redirect=None, status=None)) after connection broken by 'NewConnectionError("HTTPConnection(host='localhost', port=51140): Failed to establish a new connection: [WinError 10061] No connection could be made because the target machine actively refused it")': /session/c2612627050f47648c0383d831a91840/execute/sync
2026-04-08 22:28:16,883 - WARNING - Retrying (Retry(total=0, connect=None, read=None, redirect=None, status=None)) after connection broken by 'NewConnectionError("HTTPConnection(host='localhost', port=51140): Failed to establish a new connection: [WinError 10061] No connection could be made because the target machine actively refused it")': /session/c2612627050f47648c0383d831a91840/execute/sync
2026-04-08 22:28:25,014 - WARNING - Retrying (Retry(total=2, connect=None, read=None, redirect=None, status=None)) after connection broken by 'NewConnectionError("HTTPConnection(host='localhost', port=51140): Failed to establish a new connection: [WinError 10061] No connection could be made because the target machine actively refused it")': /session/c2612627050f47648c0383d831a91840/execute/sync
2026-04-08 22:28:25,516 - WARNING - Timeout on https://mediafire.com.
2026-04-08 22:28:29,088 - WARNING - Retrying (Retry(total=1, connect=None, read=None, redirect=None, status=None)) after connection broken by 'NewConnectionError("HTTPConnection(host='localhost', port=51140): Failed to establish a new connection: [WinError 10061] No connection could be made because the target machine actively refused it")': /session/c2612627050f47648c0383d831a91840/execute/sync
2026-04-08 22:28:30,182 - WARNING - Error processing https://rapidshare.com: Message: unknown error: net::ERR_ADDRESS_INVALID
  (Session info: chrome=146.0.7680.178)
Stacktrace:
	chromedriver!GetHandleVerifier [0x7ff6115329c5+2ed785]
	chromedriver!GetHandleVerifier [0x7ff61125a0d0+14e90]
	chromedriver!(No symbol) [0x7ff610fbdb2d]
	chromedriver!(No symbol) [0x7ff610fba654]
	chromedriver!(No symbol) [0x7ff610faa6d1]
	chromedriver!(No symbol) [0x7ff610fac5bf]
	chromedriver!(No symbol) [0x7ff610faac73]
	chromedriver!(No symbol) [0x7ff610faa43b]
	chromedriver!(No symbol) [0x7ff610faa0f1]
	chromedriver!(No symbol) [0x7ff610fa7d3b]
	chromedriver!(No symbol) [0x7ff610fa8482]
	chromedriver!(No symbol) [0x7ff610fc1de6]
	chromedriver!(No symbol) [0x7ff611064994]
	chromedriver!(No symbol) [0x7ff61103ff8a]
	chromedriver!(No symbol) [0x7ff611063b9b]
	chromedriver!(No symbol) [0x7ff611009298]
	chromedriver!(No symbol) [0x7ff61100a183]
	chromedriver!GetHandleVerifier [0x7ff61155de0d+318bcd]
	chromedriver!GetHandleVerifier [0x7ff611558588+313348]
	chromedriver!GetHandleVerifier [0x7ff611579d7a+334b3a]
	chromedriver!GetHandleVerifier [0x7ff611276785+31545]
	chromedriver!GetHandleVerifier [0x7ff61127facc+3a88c]
	chromedriver!GetHandleVerifier [0x7ff611263634+1e3f4]
	chromedriver!GetHandleVerifier [0x7ff6112637e6+1e5a6]
	chromedriver!GetHandleVerifier [0x7ff611247e37+2bf7]
	KERNEL32!BaseThreadInitThunk [0x7ffb82a3e8d7+17]
	ntdll!RtlUserThreadStart [0x7ffb8418c48c+2c]

2026-04-08 22:28:33,165 - WARNING - Retrying (Retry(total=0, connect=None, read=None, redirect=None, status=None)) after connection broken by 'NewConnectionError("HTTPConnection(host='localhost', port=51140): Failed to establish a new connection: [WinError 10061] No connection could be made because the target machine actively refused it")': /session/c2612627050f47648c0383d831a91840/execute/sync
2026-04-08 22:28:41,287 - WARNING - Retrying (Retry(total=2, connect=None, read=None, redirect=None, status=None)) after connection broken by 'NewConnectionError("HTTPConnection(host='localhost', port=51140): Failed to establish a new connection: [WinError 10061] No connection could be made because the target machine actively refused it")': /session/c2612627050f47648c0383d831a91840/execute/sync
2026-04-08 22:28:45,333 - WARNING - Retrying (Retry(total=1, connect=None, read=None, redirect=None, status=None)) after connection broken by 'NewConnectionError("HTTPConnection(host='localhost', port=51140): Failed to establish a new connection: [WinError 10061] No connection could be made because the target machine actively refused it")': /session/c2612627050f47648c0383d831a91840/execute/sync
2026-04-08 22:28:49,404 - WARNING - Retrying (Retry(total=0, connect=None, read=None, redirect=None, status=None)) after connection broken by 'NewConnectionError("HTTPConnection(host='localhost', port=51140): Failed to establish a new connection: [WinError 10061] No connection could be made because the target machine actively refused it")': /session/c2612627050f47648c0383d831a91840/execute/sync
2026-04-08 22:28:57,498 - WARNING - Retrying (Retry(total=2, connect=None, read=None, redirect=None, status=None)) after connection broken by 'NewConnectionError("HTTPConnection(host='localhost', port=51140): Failed to establish a new connection: [WinError 10061] No connection could be made because the target machine actively refused it")': /session/c2612627050f47648c0383d831a91840/execute/sync
2026-04-08 22:29:01,575 - WARNING - Retrying (Retry(total=1, connect=None, read=None, redirect=None, status=None)) after connection broken by 'NewConnectionError("HTTPConnection(host='localhost', port=51140): Failed to establish a new connection: [WinError 10061] No connection could be made because the target machine actively refused it")': /session/c2612627050f47648c0383d831a91840/execute/sync
2026-04-08 22:29:05,618 - WARNING - Retrying (Retry(total=0, connect=None, read=None, redirect=None, status=None)) after connection broken by 'NewConnectionError("HTTPConnection(host='localhost', port=51140): Failed to establish a new connection: [WinError 10061] No connection could be made because the target machine actively refused it")': /session/c2612627050f47648c0383d831a91840/execute/sync
2026-04-08 22:29:13,717 - WARNING - Retrying (Retry(total=2, connect=None, read=None, redirect=None, status=None)) after connection broken by 'NewConnectionError("HTTPConnection(host='localhost', port=51140): Failed to establish a new connection: [WinError 10061] No connection could be made because the target machine actively refused it")': /session/c2612627050f47648c0383d831a91840/execute/sync
2026-04-08 22:29:13,953 - WARNING - No elements found for https://brandbucket.com.
2026-04-08 22:29:17,776 - WARNING - Retrying (Retry(total=1, connect=None, read=None, redirect=None, status=None)) after connection broken by 'NewConnectionError("HTTPConnection(host='localhost', port=51140): Failed to establish a new connection: [WinError 10061] No connection could be made because the target machine actively refused it")': /session/c2612627050f47648c0383d831a91840/execute/sync
2026-04-08 22:29:21,823 - WARNING - Retrying (Retry(total=0, connect=None, read=None, redirect=None, status=None)) after connection broken by 'NewConnectionError("HTTPConnection(host='localhost', port=51140): Failed to establish a new connection: [WinError 10061] No connection could be made because the target machine actively refused it")': /session/c2612627050f47648c0383d831a91840/execute/sync
2026-04-08 22:29:29,975 - WARNING - Retrying (Retry(total=2, connect=None, read=None, redirect=None, status=None)) after connection broken by 'NewConnectionError("HTTPConnection(host='localhost', port=51140): Failed to establish a new connection: [WinError 10061] No connection could be made because the target machine actively refused it")': /session/c2612627050f47648c0383d831a91840/execute/sync
2026-04-08 22:29:34,021 - WARNING - Retrying (Retry(total=1, connect=None, read=None, redirect=None, status=None)) after connection broken by 'NewConnectionError("HTTPConnection(host='localhost', port=51140): Failed to establish a new connection: [WinError 10061] No connection could be made because the target machine actively refused it")': /session/c2612627050f47648c0383d831a91840/execute/sync
2026-04-08 22:29:38,081 - WARNING - Retrying (Retry(total=0, connect=None, read=None, redirect=None, status=None)) after connection broken by 'NewConnectionError("HTTPConnection(host='localhost', port=51140): Failed to establish a new connection: [WinError 10061] No connection could be made because the target machine actively refused it")': /session/c2612627050f47648c0383d831a91840/execute/sync
2026-04-08 22:29:46,188 - WARNING - Retrying (Retry(total=2, connect=None, read=None, redirect=None, status=None)) after connection broken by 'NewConnectionError("HTTPConnection(host='localhost', port=51140): Failed to establish a new connection: [WinError 10061] No connection could be made because the target machine actively refused it")': /session/c2612627050f47648c0383d831a91840/execute/sync
2026-04-08 22:29:50,269 - WARNING - Retrying (Retry(total=1, connect=None, read=None, redirect=None, status=None)) after connection broken by 'NewConnectionError("HTTPConnection(host='localhost', port=51140): Failed to establish a new connection: [WinError 10061] No connection could be made because the target machine actively refused it")': /session/c2612627050f47648c0383d831a91840/execute/sync
2026-04-08 22:29:54,330 - WARNING - Retrying (Retry(total=0, connect=None, read=None, redirect=None, status=None)) after connection broken by 'NewConnectionError("HTTPConnection(host='localhost', port=51140): Failed to establish a new connection: [WinError 10061] No connection could be made because the target machine actively refused it")': /session/c2612627050f47648c0383d831a91840/execute/sync
2026-04-08 22:30:02,429 - WARNING - Retrying (Retry(total=2, connect=None, read=None, redirect=None, status=None)) after connection broken by 'NewConnectionError("HTTPConnection(host='localhost', port=51140): Failed to establish a new connection: [WinError 10061] No connection could be made because the target machine actively refused it")': /session/c2612627050f47648c0383d831a91840/execute/sync
2026-04-08 22:30:06,513 - WARNING - Retrying (Retry(total=1, connect=None, read=None, redirect=None, status=None)) after connection broken by 'NewConnectionError("HTTPConnection(host='localhost', port=51140): Failed to establish a new connection: [WinError 10061] No connection could be made because the target machine actively refused it")': /session/c2612627050f47648c0383d831a91840/execute/sync
2026-04-08 22:30:10,579 - WARNING - Retrying (Retry(total=0, connect=None, read=None, redirect=None, status=None)) after connection broken by 'NewConnectionError("HTTPConnection(host='localhost', port=51140): Failed to establish a new connection: [WinError 10061] No connection could be made because the target machine actively refused it")': /session/c2612627050f47648c0383d831a91840/execute/sync
2026-04-08 22:30:18,706 - WARNING - Retrying (Retry(total=2, connect=None, read=None, redirect=None, status=None)) after connection broken by 'NewConnectionError("HTTPConnection(host='localhost', port=51140): Failed to establish a new connection: [WinError 10061] No connection could be made because the target machine actively refused it")': /session/c2612627050f47648c0383d831a91840/execute/sync
2026-04-08 22:30:22,747 - WARNING - Retrying (Retry(total=1, connect=None, read=None, redirect=None, status=None)) after connection broken by 'NewConnectionError("HTTPConnection(host='localhost', port=51140): Failed to establish a new connection: [WinError 10061] No connection could be made because the target machine actively refused it")': /session/c2612627050f47648c0383d831a91840/execute/sync
2026-04-08 22:30:26,798 - WARNING - Retrying (Retry(total=0, connect=None, read=None, redirect=None, status=None)) after connection broken by 'NewConnectionError("HTTPConnection(host='localhost', port=51140): Failed to establish a new connection: [WinError 10061] No connection could be made because the target machine actively refused it")': /session/c2612627050f47648c0383d831a91840/execute/sync
2026-04-08 22:30:34,902 - WARNING - Retrying (Retry(total=2, connect=None, read=None, redirect=None, status=None)) after connection broken by 'NewConnectionError("HTTPConnection(host='localhost', port=51140): Failed to establish a new connection: [WinError 10061] No connection could be made because the target machine actively refused it")': /session/c2612627050f47648c0383d831a91840/execute/sync
2026-04-08 22:30:38,967 - WARNING - Retrying (Retry(total=1, connect=None, read=None, redirect=None, status=None)) after connection broken by 'NewConnectionError("HTTPConnection(host='localhost', port=51140): Failed to establish a new connection: [WinError 10061] No connection could be made because the target machine actively refused it")': /session/c2612627050f47648c0383d831a91840/execute/sync
2026-04-08 22:30:43,020 - WARNING - Retrying (Retry(total=0, connect=None, read=None, redirect=None, status=None)) after connection broken by 'NewConnectionError("HTTPConnection(host='localhost', port=51140): Failed to establish a new connection: [WinError 10061] No connection could be made because the target machine actively refused it")': /session/c2612627050f47648c0383d831a91840/execute/sync
2026-04-08 22:30:51,175 - WARNING - Retrying (Retry(total=2, connect=None, read=None, redirect=None, status=None)) after connection broken by 'NewConnectionError("HTTPConnection(host='localhost', port=51140): Failed to establish a new connection: [WinError 10061] No connection could be made because the target machine actively refused it")': /session/c2612627050f47648c0383d831a91840/execute/sync
2026-04-08 22:30:55,211 - WARNING - Retrying (Retry(total=1, connect=None, read=None, redirect=None, status=None)) after connection broken by 'NewConnectionError("HTTPConnection(host='localhost', port=51140): Failed to establish a new connection: [WinError 10061] No connection could be made because the target machine actively refused it")': /session/c2612627050f47648c0383d831a91840/execute/sync
2026-04-08 22:30:59,246 - WARNING - Retrying (Retry(total=0, connect=None, read=None, redirect=None, status=None)) after connection broken by 'NewConnectionError("HTTPConnection(host='localhost', port=51140): Failed to establish a new connection: [WinError 10061] No connection could be made because the target machine actively refused it")': /session/c2612627050f47648c0383d831a91840/execute/sync
2026-04-08 22:31:07,363 - WARNING - Retrying (Retry(total=2, connect=None, read=None, redirect=None, status=None)) after connection broken by 'NewConnectionError("HTTPConnection(host='localhost', port=51140): Failed to establish a new connection: [WinError 10061] No connection could be made because the target machine actively refused it")': /session/c2612627050f47648c0383d831a91840/execute/sync
2026-04-08 22:31:08,644 - WARNING - Timeout on https://timeweb.ru.
2026-04-08 22:31:11,422 - WARNING - Retrying (Retry(total=1, connect=None, read=None, redirect=None, status=None)) after connection broken by 'NewConnectionError("HTTPConnection(host='localhost', port=51140): Failed to establish a new connection: [WinError 10061] No connection could be made because the target machine actively refused it")': /session/c2612627050f47648c0383d831a91840/execute/sync
2026-04-08 22:31:15,474 - WARNING - Retrying (Retry(total=0, connect=None, read=None, redirect=None, status=None)) after connection broken by 'NewConnectionError("HTTPConnection(host='localhost', port=51140): Failed to establish a new connection: [WinError 10061] No connection could be made because the target machine actively refused it")': /session/c2612627050f47648c0383d831a91840/execute/sync
2026-04-08 22:31:23,017 - WARNING - Error processing https://akamaihd.net: Message: unknown error: net::ERR_NAME_NOT_RESOLVED
  (Session info: chrome=146.0.7680.178)
Stacktrace:
	chromedriver!GetHandleVerifier [0x7ff6115329c5+2ed785]
	chromedriver!GetHandleVerifier [0x7ff61125a0d0+14e90]
	chromedriver!(No symbol) [0x7ff610fbdb2d]
	chromedriver!(No symbol) [0x7ff610fba654]
	chromedriver!(No symbol) [0x7ff610faa6d1]
	chromedriver!(No symbol) [0x7ff610fac5bf]
	chromedriver!(No symbol) [0x7ff610faac73]
	chromedriver!(No symbol) [0x7ff610faa43b]
	chromedriver!(No symbol) [0x7ff610faa0f1]
	chromedriver!(No symbol) [0x7ff610fa7d3b]
	chromedriver!(No symbol) [0x7ff610fa8482]
	chromedriver!(No symbol) [0x7ff610fc1de6]
	chromedriver!(No symbol) [0x7ff611064994]
	chromedriver!(No symbol) [0x7ff61103ff8a]
	chromedriver!(No symbol) [0x7ff611063b9b]
	chromedriver!(No symbol) [0x7ff611009298]
	chromedriver!(No symbol) [0x7ff61100a183]
	chromedriver!GetHandleVerifier [0x7ff61155de0d+318bcd]
	chromedriver!GetHandleVerifier [0x7ff611558588+313348]
	chromedriver!GetHandleVerifier [0x7ff611579d7a+334b3a]
	chromedriver!GetHandleVerifier [0x7ff611276785+31545]
	chromedriver!GetHandleVerifier [0x7ff61127facc+3a88c]
	chromedriver!GetHandleVerifier [0x7ff611263634+1e3f4]
	chromedriver!GetHandleVerifier [0x7ff6112637e6+1e5a6]
	chromedriver!GetHandleVerifier [0x7ff611247e37+2bf7]
	KERNEL32!BaseThreadInitThunk [0x7ffb82a3e8d7+17]
	ntdll!RtlUserThreadStart [0x7ffb8418c48c+2c]

2026-04-08 22:31:23,623 - WARNING - Retrying (Retry(total=2, connect=None, read=None, redirect=None, status=None)) after connection broken by 'NewConnectionError("HTTPConnection(host='localhost', port=51140): Failed to establish a new connection: [WinError 10061] No connection could be made because the target machine actively refused it")': /session/c2612627050f47648c0383d831a91840/execute/sync
2026-04-08 22:31:27,500 - WARNING - Timeout on https://alicdn.com.
2026-04-08 22:31:27,695 - WARNING - Retrying (Retry(total=1, connect=None, read=None, redirect=None, status=None)) after connection broken by 'NewConnectionError("HTTPConnection(host='localhost', port=51140): Failed to establish a new connection: [WinError 10061] No connection could be made because the target machine actively refused it")': /session/c2612627050f47648c0383d831a91840/execute/sync
2026-04-08 22:31:31,743 - WARNING - Retrying (Retry(total=0, connect=None, read=None, redirect=None, status=None)) after connection broken by 'NewConnectionError("HTTPConnection(host='localhost', port=51140): Failed to establish a new connection: [WinError 10061] No connection could be made because the target machine actively refused it")': /session/c2612627050f47648c0383d831a91840/execute/sync
2026-04-08 22:31:39,865 - WARNING - Retrying (Retry(total=2, connect=None, read=None, redirect=None, status=None)) after connection broken by 'NewConnectionError("HTTPConnection(host='localhost', port=51140): Failed to establish a new connection: [WinError 10061] No connection could be made because the target machine actively refused it")': /session/c2612627050f47648c0383d831a91840/execute/sync
2026-04-08 22:31:43,929 - WARNING - Retrying (Retry(total=1, connect=None, read=None, redirect=None, status=None)) after connection broken by 'NewConnectionError("HTTPConnection(host='localhost', port=51140): Failed to establish a new connection: [WinError 10061] No connection could be made because the target machine actively refused it")': /session/c2612627050f47648c0383d831a91840/execute/sync
2026-04-08 22:31:47,988 - WARNING - Retrying (Retry(total=0, connect=None, read=None, redirect=None, status=None)) after connection broken by 'NewConnectionError("HTTPConnection(host='localhost', port=51140): Failed to establish a new connection: [WinError 10061] No connection could be made because the target machine actively refused it")': /session/c2612627050f47648c0383d831a91840/execute/sync
2026-04-08 22:31:53,890 - WARNING - No elements found for https://godaddy.com.
2026-04-08 22:31:56,120 - WARNING - Retrying (Retry(total=2, connect=None, read=None, redirect=None, status=None)) after connection broken by 'NewConnectionError("HTTPConnection(host='localhost', port=51140): Failed to establish a new connection: [WinError 10061] No connection could be made because the target machine actively refused it")': /session/c2612627050f47648c0383d831a91840/execute/sync
2026-04-08 22:32:00,173 - WARNING - Retrying (Retry(total=1, connect=None, read=None, redirect=None, status=None)) after connection broken by 'NewConnectionError("HTTPConnection(host='localhost', port=51140): Failed to establish a new connection: [WinError 10061] No connection could be made because the target machine actively refused it")': /session/c2612627050f47648c0383d831a91840/execute/sync
2026-04-08 22:32:04,200 - WARNING - Retrying (Retry(total=0, connect=None, read=None, redirect=None, status=None)) after connection broken by 'NewConnectionError("HTTPConnection(host='localhost', port=51140): Failed to establish a new connection: [WinError 10061] No connection could be made because the target machine actively refused it")': /session/c2612627050f47648c0383d831a91840/execute/sync
2026-04-08 22:32:08,811 - WARNING - Timeout on https://www.yahoo.com.
2026-04-08 22:32:12,304 - WARNING - Retrying (Retry(total=2, connect=None, read=None, redirect=None, status=None)) after connection broken by 'NewConnectionError("HTTPConnection(host='localhost', port=51140): Failed to establish a new connection: [WinError 10061] No connection could be made because the target machine actively refused it")': /session/c2612627050f47648c0383d831a91840/execute/sync
2026-04-08 22:32:16,356 - WARNING - Retrying (Retry(total=1, connect=None, read=None, redirect=None, status=None)) after connection broken by 'NewConnectionError("HTTPConnection(host='localhost', port=51140): Failed to establish a new connection: [WinError 10061] No connection could be made because the target machine actively refused it")': /session/c2612627050f47648c0383d831a91840/execute/sync
2026-04-08 22:32:17,092 - WARNING - Timeout on https://yandex.ru.
2026-04-08 22:32:18,154 - WARNING - No elements found for https://goo.ne.jp.
2026-04-08 22:32:20,396 - WARNING - Retrying (Retry(total=0, connect=None, read=None, redirect=None, status=None)) after connection broken by 'NewConnectionError("HTTPConnection(host='localhost', port=51140): Failed to establish a new connection: [WinError 10061] No connection could be made because the target machine actively refused it")': /session/c2612627050f47648c0383d831a91840/execute/sync
2026-04-08 22:32:26,783 - WARNING - No elements found for https://msn.com.
2026-04-08 22:32:28,536 - WARNING - Retrying (Retry(total=2, connect=None, read=None, redirect=None, status=None)) after connection broken by 'NewConnectionError("HTTPConnection(host='localhost', port=51140): Failed to establish a new connection: [WinError 10061] No connection could be made because the target machine actively refused it")': /session/c2612627050f47648c0383d831a91840/execute/sync
2026-04-08 22:32:32,580 - WARNING - Retrying (Retry(total=1, connect=None, read=None, redirect=None, status=None)) after connection broken by 'NewConnectionError("HTTPConnection(host='localhost', port=51140): Failed to establish a new connection: [WinError 10061] No connection could be made because the target machine actively refused it")': /session/c2612627050f47648c0383d831a91840/execute/sync
2026-04-08 22:32:36,638 - WARNING - Retrying (Retry(total=0, connect=None, read=None, redirect=None, status=None)) after connection broken by 'NewConnectionError("HTTPConnection(host='localhost', port=51140): Failed to establish a new connection: [WinError 10061] No connection could be made because the target machine actively refused it")': /session/c2612627050f47648c0383d831a91840/execute/sync
2026-04-08 22:32:44,755 - WARNING - Retrying (Retry(total=2, connect=None, read=None, redirect=None, status=None)) after connection broken by 'NewConnectionError("HTTPConnection(host='localhost', port=51140): Failed to establish a new connection: [WinError 10061] No connection could be made because the target machine actively refused it")': /session/c2612627050f47648c0383d831a91840/execute/sync
2026-04-08 22:32:48,814 - WARNING - Retrying (Retry(total=1, connect=None, read=None, redirect=None, status=None)) after connection broken by 'NewConnectionError("HTTPConnection(host='localhost', port=51140): Failed to establish a new connection: [WinError 10061] No connection could be made because the target machine actively refused it")': /session/c2612627050f47648c0383d831a91840/execute/sync
2026-04-08 22:32:52,858 - WARNING - Retrying (Retry(total=0, connect=None, read=None, redirect=None, status=None)) after connection broken by 'NewConnectionError("HTTPConnection(host='localhost', port=51140): Failed to establish a new connection: [WinError 10061] No connection could be made because the target machine actively refused it")': /session/c2612627050f47648c0383d831a91840/execute/sync
2026-04-08 22:32:57,853 - WARNING - Timeout on https://rambler.ru.
2026-04-08 22:33:01,007 - WARNING - Retrying (Retry(total=2, connect=None, read=None, redirect=None, status=None)) after connection broken by 'NewConnectionError("HTTPConnection(host='localhost', port=51140): Failed to establish a new connection: [WinError 10061] No connection could be made because the target machine actively refused it")': /session/c2612627050f47648c0383d831a91840/execute/sync
2026-04-08 22:33:05,089 - WARNING - Retrying (Retry(total=1, connect=None, read=None, redirect=None, status=None)) after connection broken by 'NewConnectionError("HTTPConnection(host='localhost', port=51140): Failed to establish a new connection: [WinError 10061] No connection could be made because the target machine actively refused it")': /session/c2612627050f47648c0383d831a91840/execute/sync
2026-04-08 22:33:09,129 - WARNING - Retrying (Retry(total=0, connect=None, read=None, redirect=None, status=None)) after connection broken by 'NewConnectionError("HTTPConnection(host='localhost', port=51140): Failed to establish a new connection: [WinError 10061] No connection could be made because the target machine actively refused it")': /session/c2612627050f47648c0383d831a91840/execute/sync
2026-04-08 22:33:17,211 - WARNING - Retrying (Retry(total=2, connect=None, read=None, redirect=None, status=None)) after connection broken by 'NewConnectionError("HTTPConnection(host='localhost', port=51140): Failed to establish a new connection: [WinError 10061] No connection could be made because the target machine actively refused it")': /session/c2612627050f47648c0383d831a91840/execute/sync
2026-04-08 22:33:18,129 - WARNING - Timeout on https://qq.com.
2026-04-08 22:33:20,644 - WARNING - Timeout on https://mail.ru.
2026-04-08 22:33:21,272 - WARNING - Retrying (Retry(total=1, connect=None, read=None, redirect=None, status=None)) after connection broken by 'NewConnectionError("HTTPConnection(host='localhost', port=51140): Failed to establish a new connection: [WinError 10061] No connection could be made because the target machine actively refused it")': /session/c2612627050f47648c0383d831a91840/execute/sync
2026-04-08 22:33:25,344 - WARNING - Retrying (Retry(total=0, connect=None, read=None, redirect=None, status=None)) after connection broken by 'NewConnectionError("HTTPConnection(host='localhost', port=51140): Failed to establish a new connection: [WinError 10061] No connection could be made because the target machine actively refused it")': /session/c2612627050f47648c0383d831a91840/execute/sync
2026-04-08 22:33:33,469 - WARNING - Retrying (Retry(total=2, connect=None, read=None, redirect=None, status=None)) after connection broken by 'NewConnectionError("HTTPConnection(host='localhost', port=51140): Failed to establish a new connection: [WinError 10061] No connection could be made because the target machine actively refused it")': /session/c2612627050f47648c0383d831a91840/execute/sync
2026-04-08 22:33:37,511 - WARNING - Retrying (Retry(total=1, connect=None, read=None, redirect=None, status=None)) after connection broken by 'NewConnectionError("HTTPConnection(host='localhost', port=51140): Failed to establish a new connection: [WinError 10061] No connection could be made because the target machine actively refused it")': /session/c2612627050f47648c0383d831a91840/execute/sync
2026-04-08 22:33:41,553 - WARNING - Retrying (Retry(total=0, connect=None, read=None, redirect=None, status=None)) after connection broken by 'NewConnectionError("HTTPConnection(host='localhost', port=51140): Failed to establish a new connection: [WinError 10061] No connection could be made because the target machine actively refused it")': /session/c2612627050f47648c0383d831a91840/execute/sync
2026-04-08 22:33:49,671 - WARNING - Retrying (Retry(total=2, connect=None, read=None, redirect=None, status=None)) after connection broken by 'NewConnectionError("HTTPConnection(host='localhost', port=51140): Failed to establish a new connection: [WinError 10061] No connection could be made because the target machine actively refused it")': /session/c2612627050f47648c0383d831a91840/execute/sync
2026-04-08 22:33:53,729 - WARNING - Retrying (Retry(total=1, connect=None, read=None, redirect=None, status=None)) after connection broken by 'NewConnectionError("HTTPConnection(host='localhost', port=51140): Failed to establish a new connection: [WinError 10061] No connection could be made because the target machine actively refused it")': /session/c2612627050f47648c0383d831a91840/execute/sync
2026-04-08 22:33:57,783 - WARNING - Retrying (Retry(total=0, connect=None, read=None, redirect=None, status=None)) after connection broken by 'NewConnectionError("HTTPConnection(host='localhost', port=51140): Failed to establish a new connection: [WinError 10061] No connection could be made because the target machine actively refused it")': /session/c2612627050f47648c0383d831a91840/execute/sync
2026-04-08 22:34:05,887 - WARNING - Retrying (Retry(total=2, connect=None, read=None, redirect=None, status=None)) after connection broken by 'NewConnectionError("HTTPConnection(host='localhost', port=51140): Failed to establish a new connection: [WinError 10061] No connection could be made because the target machine actively refused it")': /session/c2612627050f47648c0383d831a91840/execute/sync
2026-04-08 22:34:09,935 - WARNING - Retrying (Retry(total=1, connect=None, read=None, redirect=None, status=None)) after connection broken by 'NewConnectionError("HTTPConnection(host='localhost', port=51140): Failed to establish a new connection: [WinError 10061] No connection could be made because the target machine actively refused it")': /session/c2612627050f47648c0383d831a91840/execute/sync
2026-04-08 22:34:14,001 - WARNING - Retrying (Retry(total=0, connect=None, read=None, redirect=None, status=None)) after connection broken by 'NewConnectionError("HTTPConnection(host='localhost', port=51140): Failed to establish a new connection: [WinError 10061] No connection could be made because the target machine actively refused it")': /session/c2612627050f47648c0383d831a91840/execute/sync
2026-04-08 22:34:22,088 - WARNING - Retrying (Retry(total=2, connect=None, read=None, redirect=None, status=None)) after connection broken by 'NewConnectionError("HTTPConnection(host='localhost', port=51140): Failed to establish a new connection: [WinError 10061] No connection could be made because the target machine actively refused it")': /session/c2612627050f47648c0383d831a91840/execute/sync
2026-04-08 22:34:26,148 - WARNING - Retrying (Retry(total=1, connect=None, read=None, redirect=None, status=None)) after connection broken by 'NewConnectionError("HTTPConnection(host='localhost', port=51140): Failed to establish a new connection: [WinError 10061] No connection could be made because the target machine actively refused it")': /session/c2612627050f47648c0383d831a91840/execute/sync
2026-04-08 22:34:27,798 - WARNING - Timeout on https://vistaprint.com.
2026-04-08 22:34:30,204 - WARNING - Retrying (Retry(total=0, connect=None, read=None, redirect=None, status=None)) after connection broken by 'NewConnectionError("HTTPConnection(host='localhost', port=51140): Failed to establish a new connection: [WinError 10061] No connection could be made because the target machine actively refused it")': /session/c2612627050f47648c0383d831a91840/execute/sync
2026-04-08 22:34:38,333 - WARNING - Retrying (Retry(total=2, connect=None, read=None, redirect=None, status=None)) after connection broken by 'NewConnectionError("HTTPConnection(host='localhost', port=51140): Failed to establish a new connection: [WinError 10061] No connection could be made because the target machine actively refused it")': /session/c2612627050f47648c0383d831a91840/execute/sync
2026-04-08 22:34:42,393 - WARNING - Retrying (Retry(total=1, connect=None, read=None, redirect=None, status=None)) after connection broken by 'NewConnectionError("HTTPConnection(host='localhost', port=51140): Failed to establish a new connection: [WinError 10061] No connection could be made because the target machine actively refused it")': /session/c2612627050f47648c0383d831a91840/execute/sync
2026-04-08 22:34:46,464 - WARNING - Retrying (Retry(total=0, connect=None, read=None, redirect=None, status=None)) after connection broken by 'NewConnectionError("HTTPConnection(host='localhost', port=51140): Failed to establish a new connection: [WinError 10061] No connection could be made because the target machine actively refused it")': /session/c2612627050f47648c0383d831a91840/execute/sync
2026-04-08 22:34:54,554 - WARNING - Retrying (Retry(total=2, connect=None, read=None, redirect=None, status=None)) after connection broken by 'NewConnectionError("HTTPConnection(host='localhost', port=51140): Failed to establish a new connection: [WinError 10061] No connection could be made because the target machine actively refused it")': /session/c2612627050f47648c0383d831a91840/execute/sync
2026-04-08 22:34:58,611 - WARNING - Retrying (Retry(total=1, connect=None, read=None, redirect=None, status=None)) after connection broken by 'NewConnectionError("HTTPConnection(host='localhost', port=51140): Failed to establish a new connection: [WinError 10061] No connection could be made because the target machine actively refused it")': /session/c2612627050f47648c0383d831a91840/execute/sync
2026-04-08 22:35:02,665 - WARNING - Retrying (Retry(total=0, connect=None, read=None, redirect=None, status=None)) after connection broken by 'NewConnectionError("HTTPConnection(host='localhost', port=51140): Failed to establish a new connection: [WinError 10061] No connection could be made because the target machine actively refused it")': /session/c2612627050f47648c0383d831a91840/execute/sync
2026-04-08 22:35:10,819 - WARNING - Retrying (Retry(total=2, connect=None, read=None, redirect=None, status=None)) after connection broken by 'NewConnectionError("HTTPConnection(host='localhost', port=51140): Failed to establish a new connection: [WinError 10061] No connection could be made because the target machine actively refused it")': /session/c2612627050f47648c0383d831a91840/execute/sync
2026-04-08 22:35:14,856 - WARNING - Retrying (Retry(total=1, connect=None, read=None, redirect=None, status=None)) after connection broken by 'NewConnectionError("HTTPConnection(host='localhost', port=51140): Failed to establish a new connection: [WinError 10061] No connection could be made because the target machine actively refused it")': /session/c2612627050f47648c0383d831a91840/execute/sync
2026-04-08 22:35:18,913 - WARNING - Retrying (Retry(total=0, connect=None, read=None, redirect=None, status=None)) after connection broken by 'NewConnectionError("HTTPConnection(host='localhost', port=51140): Failed to establish a new connection: [WinError 10061] No connection could be made because the target machine actively refused it")': /session/c2612627050f47648c0383d831a91840/execute/sync
2026-04-08 22:35:22,707 - WARNING - Timeout on https://biblegateway.com.
2026-04-08 22:35:27,084 - WARNING - Retrying (Retry(total=2, connect=None, read=None, redirect=None, status=None)) after connection broken by 'NewConnectionError("HTTPConnection(host='localhost', port=51140): Failed to establish a new connection: [WinError 10061] No connection could be made because the target machine actively refused it")': /session/c2612627050f47648c0383d831a91840/execute/sync
2026-04-08 22:35:31,176 - WARNING - Retrying (Retry(total=1, connect=None, read=None, redirect=None, status=None)) after connection broken by 'NewConnectionError("HTTPConnection(host='localhost', port=51140): Failed to establish a new connection: [WinError 10061] No connection could be made because the target machine actively refused it")': /session/c2612627050f47648c0383d831a91840/execute/sync
2026-04-08 22:35:35,222 - WARNING - Retrying (Retry(total=0, connect=None, read=None, redirect=None, status=None)) after connection broken by 'NewConnectionError("HTTPConnection(host='localhost', port=51140): Failed to establish a new connection: [WinError 10061] No connection could be made because the target machine actively refused it")': /session/c2612627050f47648c0383d831a91840/execute/sync
2026-04-08 22:35:43,305 - WARNING - Retrying (Retry(total=2, connect=None, read=None, redirect=None, status=None)) after connection broken by 'NewConnectionError("HTTPConnection(host='localhost', port=51140): Failed to establish a new connection: [WinError 10061] No connection could be made because the target machine actively refused it")': /session/c2612627050f47648c0383d831a91840/execute/sync
2026-04-08 22:35:47,337 - WARNING - Retrying (Retry(total=1, connect=None, read=None, redirect=None, status=None)) after connection broken by 'NewConnectionError("HTTPConnection(host='localhost', port=51140): Failed to establish a new connection: [WinError 10061] No connection could be made because the target machine actively refused it")': /session/c2612627050f47648c0383d831a91840/execute/sync
2026-04-08 22:35:51,412 - WARNING - Retrying (Retry(total=0, connect=None, read=None, redirect=None, status=None)) after connection broken by 'NewConnectionError("HTTPConnection(host='localhost', port=51140): Failed to establish a new connection: [WinError 10061] No connection could be made because the target machine actively refused it")': /session/c2612627050f47648c0383d831a91840/execute/sync
2026-04-08 22:35:59,583 - WARNING - Retrying (Retry(total=2, connect=None, read=None, redirect=None, status=None)) after connection broken by 'NewConnectionError("HTTPConnection(host='localhost', port=51140): Failed to establish a new connection: [WinError 10061] No connection could be made because the target machine actively refused it")': /session/c2612627050f47648c0383d831a91840/execute/sync
2026-04-08 22:36:03,649 - WARNING - Retrying (Retry(total=1, connect=None, read=None, redirect=None, status=None)) after connection broken by 'NewConnectionError("HTTPConnection(host='localhost', port=51140): Failed to establish a new connection: [WinError 10061] No connection could be made because the target machine actively refused it")': /session/c2612627050f47648c0383d831a91840/execute/sync
2026-04-08 22:36:07,731 - WARNING - Retrying (Retry(total=0, connect=None, read=None, redirect=None, status=None)) after connection broken by 'NewConnectionError("HTTPConnection(host='localhost', port=51140): Failed to establish a new connection: [WinError 10061] No connection could be made because the target machine actively refused it")': /session/c2612627050f47648c0383d831a91840/execute/sync
2026-04-08 22:36:15,852 - WARNING - Retrying (Retry(total=2, connect=None, read=None, redirect=None, status=None)) after connection broken by 'NewConnectionError("HTTPConnection(host='localhost', port=51140): Failed to establish a new connection: [WinError 10061] No connection could be made because the target machine actively refused it")': /session/c2612627050f47648c0383d831a91840/execute/sync
2026-04-08 22:36:19,929 - WARNING - Retrying (Retry(total=1, connect=None, read=None, redirect=None, status=None)) after connection broken by 'NewConnectionError("HTTPConnection(host='localhost', port=51140): Failed to establish a new connection: [WinError 10061] No connection could be made because the target machine actively refused it")': /session/c2612627050f47648c0383d831a91840/execute/sync
2026-04-08 22:36:23,981 - WARNING - Retrying (Retry(total=0, connect=None, read=None, redirect=None, status=None)) after connection broken by 'NewConnectionError("HTTPConnection(host='localhost', port=51140): Failed to establish a new connection: [WinError 10061] No connection could be made because the target machine actively refused it")': /session/c2612627050f47648c0383d831a91840/execute/sync
2026-04-08 22:36:32,151 - WARNING - Retrying (Retry(total=2, connect=None, read=None, redirect=None, status=None)) after connection broken by 'NewConnectionError("HTTPConnection(host='localhost', port=51140): Failed to establish a new connection: [WinError 10061] No connection could be made because the target machine actively refused it")': /session/c2612627050f47648c0383d831a91840/execute/sync
2026-04-08 22:36:32,789 - WARNING - Timeout on https://nba.com.
2026-04-08 22:36:36,231 - WARNING - Retrying (Retry(total=1, connect=None, read=None, redirect=None, status=None)) after connection broken by 'NewConnectionError("HTTPConnection(host='localhost', port=51140): Failed to establish a new connection: [WinError 10061] No connection could be made because the target machine actively refused it")': /session/c2612627050f47648c0383d831a91840/execute/sync
2026-04-08 22:36:40,293 - WARNING - Retrying (Retry(total=0, connect=None, read=None, redirect=None, status=None)) after connection broken by 'NewConnectionError("HTTPConnection(host='localhost', port=51140): Failed to establish a new connection: [WinError 10061] No connection could be made because the target machine actively refused it")': /session/c2612627050f47648c0383d831a91840/execute/sync
2026-04-08 22:36:48,425 - WARNING - Retrying (Retry(total=2, connect=None, read=None, redirect=None, status=None)) after connection broken by 'NewConnectionError("HTTPConnection(host='localhost', port=51140): Failed to establish a new connection: [WinError 10061] No connection could be made because the target machine actively refused it")': /session/c2612627050f47648c0383d831a91840/execute/sync
2026-04-08 22:36:52,487 - WARNING - Retrying (Retry(total=1, connect=None, read=None, redirect=None, status=None)) after connection broken by 'NewConnectionError("HTTPConnection(host='localhost', port=51140): Failed to establish a new connection: [WinError 10061] No connection could be made because the target machine actively refused it")': /session/c2612627050f47648c0383d831a91840/execute/sync
2026-04-08 22:36:56,561 - WARNING - Retrying (Retry(total=0, connect=None, read=None, redirect=None, status=None)) after connection broken by 'NewConnectionError("HTTPConnection(host='localhost', port=51140): Failed to establish a new connection: [WinError 10061] No connection could be made because the target machine actively refused it")': /session/c2612627050f47648c0383d831a91840/execute/sync
2026-04-08 22:37:04,258 - WARNING - Timeout on https://justjared.com.
2026-04-08 22:37:04,623 - WARNING - Retrying (Retry(total=2, connect=None, read=None, redirect=None, status=None)) after connection broken by 'NewConnectionError("HTTPConnection(host='localhost', port=51140): Failed to establish a new connection: [WinError 10061] No connection could be made because the target machine actively refused it")': /session/c2612627050f47648c0383d831a91840/execute/sync
2026-04-08 22:37:08,677 - WARNING - Retrying (Retry(total=1, connect=None, read=None, redirect=None, status=None)) after connection broken by 'NewConnectionError("HTTPConnection(host='localhost', port=51140): Failed to establish a new connection: [WinError 10061] No connection could be made because the target machine actively refused it")': /session/c2612627050f47648c0383d831a91840/execute/sync
2026-04-08 22:37:12,779 - WARNING - Retrying (Retry(total=0, connect=None, read=None, redirect=None, status=None)) after connection broken by 'NewConnectionError("HTTPConnection(host='localhost', port=51140): Failed to establish a new connection: [WinError 10061] No connection could be made because the target machine actively refused it")': /session/c2612627050f47648c0383d831a91840/execute/sync
2026-04-08 22:37:20,865 - WARNING - Retrying (Retry(total=2, connect=None, read=None, redirect=None, status=None)) after connection broken by 'NewConnectionError("HTTPConnection(host='localhost', port=51140): Failed to establish a new connection: [WinError 10061] No connection could be made because the target machine actively refused it")': /session/c2612627050f47648c0383d831a91840/execute/sync
2026-04-08 22:37:23,295 - WARNING - Timeout on https://weather.com.
2026-04-08 22:37:24,920 - WARNING - Retrying (Retry(total=1, connect=None, read=None, redirect=None, status=None)) after connection broken by 'NewConnectionError("HTTPConnection(host='localhost', port=51140): Failed to establish a new connection: [WinError 10061] No connection could be made because the target machine actively refused it")': /session/c2612627050f47648c0383d831a91840/execute/sync
2026-04-08 22:37:28,975 - WARNING - Retrying (Retry(total=0, connect=None, read=None, redirect=None, status=None)) after connection broken by 'NewConnectionError("HTTPConnection(host='localhost', port=51140): Failed to establish a new connection: [WinError 10061] No connection could be made because the target machine actively refused it")': /session/c2612627050f47648c0383d831a91840/execute/sync
2026-04-08 22:37:37,093 - WARNING - Retrying (Retry(total=2, connect=None, read=None, redirect=None, status=None)) after connection broken by 'NewConnectionError("HTTPConnection(host='localhost', port=51140): Failed to establish a new connection: [WinError 10061] No connection could be made because the target machine actively refused it")': /session/c2612627050f47648c0383d831a91840/execute/sync
2026-04-08 22:37:41,166 - WARNING - Retrying (Retry(total=1, connect=None, read=None, redirect=None, status=None)) after connection broken by 'NewConnectionError("HTTPConnection(host='localhost', port=51140): Failed to establish a new connection: [WinError 10061] No connection could be made because the target machine actively refused it")': /session/c2612627050f47648c0383d831a91840/execute/sync
2026-04-08 22:37:45,228 - WARNING - Retrying (Retry(total=0, connect=None, read=None, redirect=None, status=None)) after connection broken by 'NewConnectionError("HTTPConnection(host='localhost', port=51140): Failed to establish a new connection: [WinError 10061] No connection could be made because the target machine actively refused it")': /session/c2612627050f47648c0383d831a91840/execute/sync
2026-04-08 22:37:53,331 - WARNING - Retrying (Retry(total=2, connect=None, read=None, redirect=None, status=None)) after connection broken by 'NewConnectionError("HTTPConnection(host='localhost', port=51140): Failed to establish a new connection: [WinError 10061] No connection could be made because the target machine actively refused it")': /session/c2612627050f47648c0383d831a91840/execute/sync
2026-04-08 22:37:57,386 - WARNING - Retrying (Retry(total=1, connect=None, read=None, redirect=None, status=None)) after connection broken by 'NewConnectionError("HTTPConnection(host='localhost', port=51140): Failed to establish a new connection: [WinError 10061] No connection could be made because the target machine actively refused it")': /session/c2612627050f47648c0383d831a91840/execute/sync
2026-04-08 22:38:01,416 - WARNING - Retrying (Retry(total=0, connect=None, read=None, redirect=None, status=None)) after connection broken by 'NewConnectionError("HTTPConnection(host='localhost', port=51140): Failed to establish a new connection: [WinError 10061] No connection could be made because the target machine actively refused it")': /session/c2612627050f47648c0383d831a91840/execute/sync
2026-04-08 22:38:08,931 - WARNING - Error processing https://clickbank.net: Message: unknown error: net::ERR_NAME_NOT_RESOLVED
  (Session info: chrome=146.0.7680.178)
Stacktrace:
	chromedriver!GetHandleVerifier [0x7ff6115329c5+2ed785]
	chromedriver!GetHandleVerifier [0x7ff61125a0d0+14e90]
	chromedriver!(No symbol) [0x7ff610fbdb2d]
	chromedriver!(No symbol) [0x7ff610fba654]
	chromedriver!(No symbol) [0x7ff610faa6d1]
	chromedriver!(No symbol) [0x7ff610fac5bf]
	chromedriver!(No symbol) [0x7ff610faac73]
	chromedriver!(No symbol) [0x7ff610faa43b]
	chromedriver!(No symbol) [0x7ff610faa0f1]
	chromedriver!(No symbol) [0x7ff610fa7d3b]
	chromedriver!(No symbol) [0x7ff610fa8482]
	chromedriver!(No symbol) [0x7ff610fc1de6]
	chromedriver!(No symbol) [0x7ff611064994]
	chromedriver!(No symbol) [0x7ff61103ff8a]
	chromedriver!(No symbol) [0x7ff611063b9b]
	chromedriver!(No symbol) [0x7ff611009298]
	chromedriver!(No symbol) [0x7ff61100a183]
	chromedriver!GetHandleVerifier [0x7ff61155de0d+318bcd]
	chromedriver!GetHandleVerifier [0x7ff611558588+313348]
	chromedriver!GetHandleVerifier [0x7ff611579d7a+334b3a]
	chromedriver!GetHandleVerifier [0x7ff611276785+31545]
	chromedriver!GetHandleVerifier [0x7ff61127facc+3a88c]
	chromedriver!GetHandleVerifier [0x7ff611263634+1e3f4]
	chromedriver!GetHandleVerifier [0x7ff6112637e6+1e5a6]
	chromedriver!GetHandleVerifier [0x7ff611247e37+2bf7]
	KERNEL32!BaseThreadInitThunk [0x7ffb82a3e8d7+17]
	ntdll!RtlUserThreadStart [0x7ffb8418c48c+2c]

2026-04-08 22:38:09,579 - WARNING - Retrying (Retry(total=2, connect=None, read=None, redirect=None, status=None)) after connection broken by 'NewConnectionError("HTTPConnection(host='localhost', port=51140): Failed to establish a new connection: [WinError 10061] No connection could be made because the target machine actively refused it")': /session/c2612627050f47648c0383d831a91840/execute/sync
2026-04-08 22:38:13,645 - WARNING - Retrying (Retry(total=1, connect=None, read=None, redirect=None, status=None)) after connection broken by 'NewConnectionError("HTTPConnection(host='localhost', port=51140): Failed to establish a new connection: [WinError 10061] No connection could be made because the target machine actively refused it")': /session/c2612627050f47648c0383d831a91840/execute/sync
2026-04-08 22:38:17,707 - WARNING - Retrying (Retry(total=0, connect=None, read=None, redirect=None, status=None)) after connection broken by 'NewConnectionError("HTTPConnection(host='localhost', port=51140): Failed to establish a new connection: [WinError 10061] No connection could be made because the target machine actively refused it")': /session/c2612627050f47648c0383d831a91840/execute/sync
2026-04-08 22:38:25,844 - WARNING - Retrying (Retry(total=2, connect=None, read=None, redirect=None, status=None)) after connection broken by 'NewConnectionError("HTTPConnection(host='localhost', port=51140): Failed to establish a new connection: [WinError 10061] No connection could be made because the target machine actively refused it")': /session/c2612627050f47648c0383d831a91840/execute/sync
2026-04-08 22:38:29,902 - WARNING - Retrying (Retry(total=1, connect=None, read=None, redirect=None, status=None)) after connection broken by 'NewConnectionError("HTTPConnection(host='localhost', port=51140): Failed to establish a new connection: [WinError 10061] No connection could be made because the target machine actively refused it")': /session/c2612627050f47648c0383d831a91840/execute/sync
2026-04-08 22:38:33,962 - WARNING - Retrying (Retry(total=0, connect=None, read=None, redirect=None, status=None)) after connection broken by 'NewConnectionError("HTTPConnection(host='localhost', port=51140): Failed to establish a new connection: [WinError 10061] No connection could be made because the target machine actively refused it")': /session/c2612627050f47648c0383d831a91840/execute/sync
2026-04-08 22:38:42,084 - WARNING - Retrying (Retry(total=2, connect=None, read=None, redirect=None, status=None)) after connection broken by 'NewConnectionError("HTTPConnection(host='localhost', port=51140): Failed to establish a new connection: [WinError 10061] No connection could be made because the target machine actively refused it")': /session/c2612627050f47648c0383d831a91840/execute/sync
2026-04-08 22:38:46,134 - WARNING - Retrying (Retry(total=1, connect=None, read=None, redirect=None, status=None)) after connection broken by 'NewConnectionError("HTTPConnection(host='localhost', port=51140): Failed to establish a new connection: [WinError 10061] No connection could be made because the target machine actively refused it")': /session/c2612627050f47648c0383d831a91840/execute/sync
2026-04-08 22:38:50,188 - WARNING - Retrying (Retry(total=0, connect=None, read=None, redirect=None, status=None)) after connection broken by 'NewConnectionError("HTTPConnection(host='localhost', port=51140): Failed to establish a new connection: [WinError 10061] No connection could be made because the target machine actively refused it")': /session/c2612627050f47648c0383d831a91840/execute/sync
2026-04-08 22:38:58,306 - WARNING - Retrying (Retry(total=2, connect=None, read=None, redirect=None, status=None)) after connection broken by 'NewConnectionError("HTTPConnection(host='localhost', port=51140): Failed to establish a new connection: [WinError 10061] No connection could be made because the target machine actively refused it")': /session/c2612627050f47648c0383d831a91840/execute/sync
2026-04-08 22:39:02,381 - WARNING - Retrying (Retry(total=1, connect=None, read=None, redirect=None, status=None)) after connection broken by 'NewConnectionError("HTTPConnection(host='localhost', port=51140): Failed to establish a new connection: [WinError 10061] No connection could be made because the target machine actively refused it")': /session/c2612627050f47648c0383d831a91840/execute/sync
2026-04-08 22:39:06,444 - WARNING - Retrying (Retry(total=0, connect=None, read=None, redirect=None, status=None)) after connection broken by 'NewConnectionError("HTTPConnection(host='localhost', port=51140): Failed to establish a new connection: [WinError 10061] No connection could be made because the target machine actively refused it")': /session/c2612627050f47648c0383d831a91840/execute/sync
2026-04-08 22:39:07,632 - WARNING - No elements found for https://aboutads.info.
2026-04-08 22:39:14,549 - WARNING - Retrying (Retry(total=2, connect=None, read=None, redirect=None, status=None)) after connection broken by 'NewConnectionError("HTTPConnection(host='localhost', port=51140): Failed to establish a new connection: [WinError 10061] No connection could be made because the target machine actively refused it")': /session/c2612627050f47648c0383d831a91840/execute/sync
2026-04-08 22:39:18,610 - WARNING - Retrying (Retry(total=1, connect=None, read=None, redirect=None, status=None)) after connection broken by 'NewConnectionError("HTTPConnection(host='localhost', port=51140): Failed to establish a new connection: [WinError 10061] No connection could be made because the target machine actively refused it")': /session/c2612627050f47648c0383d831a91840/execute/sync
2026-04-08 22:39:22,664 - WARNING - Retrying (Retry(total=0, connect=None, read=None, redirect=None, status=None)) after connection broken by 'NewConnectionError("HTTPConnection(host='localhost', port=51140): Failed to establish a new connection: [WinError 10061] No connection could be made because the target machine actively refused it")': /session/c2612627050f47648c0383d831a91840/execute/sync
2026-04-08 22:39:30,807 - WARNING - Retrying (Retry(total=2, connect=None, read=None, redirect=None, status=None)) after connection broken by 'NewConnectionError("HTTPConnection(host='localhost', port=51140): Failed to establish a new connection: [WinError 10061] No connection could be made because the target machine actively refused it")': /session/c2612627050f47648c0383d831a91840/execute/sync
2026-04-08 22:39:34,858 - WARNING - Retrying (Retry(total=1, connect=None, read=None, redirect=None, status=None)) after connection broken by 'NewConnectionError("HTTPConnection(host='localhost', port=51140): Failed to establish a new connection: [WinError 10061] No connection could be made because the target machine actively refused it")': /session/c2612627050f47648c0383d831a91840/execute/sync
2026-04-08 22:39:38,916 - WARNING - Retrying (Retry(total=0, connect=None, read=None, redirect=None, status=None)) after connection broken by 'NewConnectionError("HTTPConnection(host='localhost', port=51140): Failed to establish a new connection: [WinError 10061] No connection could be made because the target machine actively refused it")': /session/c2612627050f47648c0383d831a91840/execute/sync
2026-04-08 22:39:42,562 - WARNING - Error processing https://nhk.or.jp: Message: unknown error: net::ERR_NAME_NOT_RESOLVED
  (Session info: chrome=146.0.7680.178)
Stacktrace:
	chromedriver!GetHandleVerifier [0x7ff6115329c5+2ed785]
	chromedriver!GetHandleVerifier [0x7ff61125a0d0+14e90]
	chromedriver!(No symbol) [0x7ff610fbdb2d]
	chromedriver!(No symbol) [0x7ff610fba654]
	chromedriver!(No symbol) [0x7ff610faa6d1]
	chromedriver!(No symbol) [0x7ff610fac5bf]
	chromedriver!(No symbol) [0x7ff610faac73]
	chromedriver!(No symbol) [0x7ff610faa43b]
	chromedriver!(No symbol) [0x7ff610faa0f1]
	chromedriver!(No symbol) [0x7ff610fa7d3b]
	chromedriver!(No symbol) [0x7ff610fa8482]
	chromedriver!(No symbol) [0x7ff610fc1de6]
	chromedriver!(No symbol) [0x7ff611064994]
	chromedriver!(No symbol) [0x7ff61103ff8a]
	chromedriver!(No symbol) [0x7ff611063b9b]
	chromedriver!(No symbol) [0x7ff611009298]
	chromedriver!(No symbol) [0x7ff61100a183]
	chromedriver!GetHandleVerifier [0x7ff61155de0d+318bcd]
	chromedriver!GetHandleVerifier [0x7ff611558588+313348]
	chromedriver!GetHandleVerifier [0x7ff611579d7a+334b3a]
	chromedriver!GetHandleVerifier [0x7ff611276785+31545]
	chromedriver!GetHandleVerifier [0x7ff61127facc+3a88c]
	chromedriver!GetHandleVerifier [0x7ff611263634+1e3f4]
	chromedriver!GetHandleVerifier [0x7ff6112637e6+1e5a6]
	chromedriver!GetHandleVerifier [0x7ff611247e37+2bf7]
	KERNEL32!BaseThreadInitThunk [0x7ffb82a3e8d7+17]
	ntdll!RtlUserThreadStart [0x7ffb8418c48c+2c]

2026-04-08 22:39:47,048 - WARNING - Retrying (Retry(total=2, connect=None, read=None, redirect=None, status=None)) after connection broken by 'NewConnectionError("HTTPConnection(host='localhost', port=51140): Failed to establish a new connection: [WinError 10061] No connection could be made because the target machine actively refused it")': /session/c2612627050f47648c0383d831a91840/execute/sync
2026-04-08 22:39:51,119 - WARNING - Retrying (Retry(total=1, connect=None, read=None, redirect=None, status=None)) after connection broken by 'NewConnectionError("HTTPConnection(host='localhost', port=51140): Failed to establish a new connection: [WinError 10061] No connection could be made because the target machine actively refused it")': /session/c2612627050f47648c0383d831a91840/execute/sync
2026-04-08 22:39:55,166 - WARNING - Retrying (Retry(total=0, connect=None, read=None, redirect=None, status=None)) after connection broken by 'NewConnectionError("HTTPConnection(host='localhost', port=51140): Failed to establish a new connection: [WinError 10061] No connection could be made because the target machine actively refused it")': /session/c2612627050f47648c0383d831a91840/execute/sync
2026-04-08 22:40:03,291 - WARNING - Retrying (Retry(total=2, connect=None, read=None, redirect=None, status=None)) after connection broken by 'NewConnectionError("HTTPConnection(host='localhost', port=51140): Failed to establish a new connection: [WinError 10061] No connection could be made because the target machine actively refused it")': /session/c2612627050f47648c0383d831a91840/execute/sync
2026-04-08 22:40:07,340 - WARNING - Retrying (Retry(total=1, connect=None, read=None, redirect=None, status=None)) after connection broken by 'NewConnectionError("HTTPConnection(host='localhost', port=51140): Failed to establish a new connection: [WinError 10061] No connection could be made because the target machine actively refused it")': /session/c2612627050f47648c0383d831a91840/execute/sync
2026-04-08 22:40:11,433 - WARNING - Retrying (Retry(total=0, connect=None, read=None, redirect=None, status=None)) after connection broken by 'NewConnectionError("HTTPConnection(host='localhost', port=51140): Failed to establish a new connection: [WinError 10061] No connection could be made because the target machine actively refused it")': /session/c2612627050f47648c0383d831a91840/execute/sync
2026-04-08 22:40:16,401 - WARNING - Timeout on https://cnil.fr.
2026-04-08 22:40:18,928 - WARNING - No elements found for https://tripadvisor.com.
2026-04-08 22:40:19,558 - WARNING - Retrying (Retry(total=2, connect=None, read=None, redirect=None, status=None)) after connection broken by 'NewConnectionError("HTTPConnection(host='localhost', port=51140): Failed to establish a new connection: [WinError 10061] No connection could be made because the target machine actively refused it")': /session/c2612627050f47648c0383d831a91840/execute/sync
2026-04-08 22:40:23,605 - WARNING - Retrying (Retry(total=1, connect=None, read=None, redirect=None, status=None)) after connection broken by 'NewConnectionError("HTTPConnection(host='localhost', port=51140): Failed to establish a new connection: [WinError 10061] No connection could be made because the target machine actively refused it")': /session/c2612627050f47648c0383d831a91840/execute/sync
2026-04-08 22:40:27,660 - WARNING - Retrying (Retry(total=0, connect=None, read=None, redirect=None, status=None)) after connection broken by 'NewConnectionError("HTTPConnection(host='localhost', port=51140): Failed to establish a new connection: [WinError 10061] No connection could be made because the target machine actively refused it")': /session/c2612627050f47648c0383d831a91840/execute/sync
2026-04-08 22:40:35,794 - WARNING - Retrying (Retry(total=2, connect=None, read=None, redirect=None, status=None)) after connection broken by 'NewConnectionError("HTTPConnection(host='localhost', port=51140): Failed to establish a new connection: [WinError 10061] No connection could be made because the target machine actively refused it")': /session/c2612627050f47648c0383d831a91840/execute/sync
2026-04-08 22:40:39,842 - WARNING - Retrying (Retry(total=1, connect=None, read=None, redirect=None, status=None)) after connection broken by 'NewConnectionError("HTTPConnection(host='localhost', port=51140): Failed to establish a new connection: [WinError 10061] No connection could be made because the target machine actively refused it")': /session/c2612627050f47648c0383d831a91840/execute/sync
2026-04-08 22:40:43,892 - WARNING - Retrying (Retry(total=0, connect=None, read=None, redirect=None, status=None)) after connection broken by 'NewConnectionError("HTTPConnection(host='localhost', port=51140): Failed to establish a new connection: [WinError 10061] No connection could be made because the target machine actively refused it")': /session/c2612627050f47648c0383d831a91840/execute/sync
2026-04-08 22:40:52,014 - WARNING - Retrying (Retry(total=2, connect=None, read=None, redirect=None, status=None)) after connection broken by 'NewConnectionError("HTTPConnection(host='localhost', port=51140): Failed to establish a new connection: [WinError 10061] No connection could be made because the target machine actively refused it")': /session/c2612627050f47648c0383d831a91840/execute/sync
2026-04-08 22:40:56,040 - WARNING - Retrying (Retry(total=1, connect=None, read=None, redirect=None, status=None)) after connection broken by 'NewConnectionError("HTTPConnection(host='localhost', port=51140): Failed to establish a new connection: [WinError 10061] No connection could be made because the target machine actively refused it")': /session/c2612627050f47648c0383d831a91840/execute/sync
2026-04-08 22:40:57,081 - WARNING - Timeout on https://list-manage.com.
2026-04-08 22:41:00,138 - WARNING - Retrying (Retry(total=0, connect=None, read=None, redirect=None, status=None)) after connection broken by 'NewConnectionError("HTTPConnection(host='localhost', port=51140): Failed to establish a new connection: [WinError 10061] No connection could be made because the target machine actively refused it")': /session/c2612627050f47648c0383d831a91840/execute/sync
2026-04-08 22:41:08,288 - WARNING - Retrying (Retry(total=2, connect=None, read=None, redirect=None, status=None)) after connection broken by 'NewConnectionError("HTTPConnection(host='localhost', port=51140): Failed to establish a new connection: [WinError 10061] No connection could be made because the target machine actively refused it")': /session/c2612627050f47648c0383d831a91840/execute/sync
2026-04-08 22:41:12,330 - WARNING - Retrying (Retry(total=1, connect=None, read=None, redirect=None, status=None)) after connection broken by 'NewConnectionError("HTTPConnection(host='localhost', port=51140): Failed to establish a new connection: [WinError 10061] No connection could be made because the target machine actively refused it")': /session/c2612627050f47648c0383d831a91840/execute/sync
2026-04-08 22:41:16,385 - WARNING - Retrying (Retry(total=0, connect=None, read=None, redirect=None, status=None)) after connection broken by 'NewConnectionError("HTTPConnection(host='localhost', port=51140): Failed to establish a new connection: [WinError 10061] No connection could be made because the target machine actively refused it")': /session/c2612627050f47648c0383d831a91840/execute/sync
2026-04-08 22:41:24,526 - WARNING - Retrying (Retry(total=2, connect=None, read=None, redirect=None, status=None)) after connection broken by 'NewConnectionError("HTTPConnection(host='localhost', port=51140): Failed to establish a new connection: [WinError 10061] No connection could be made because the target machine actively refused it")': /session/c2612627050f47648c0383d831a91840/execute/sync
2026-04-08 22:41:28,584 - WARNING - Retrying (Retry(total=1, connect=None, read=None, redirect=None, status=None)) after connection broken by 'NewConnectionError("HTTPConnection(host='localhost', port=51140): Failed to establish a new connection: [WinError 10061] No connection could be made because the target machine actively refused it")': /session/c2612627050f47648c0383d831a91840/execute/sync
2026-04-08 22:41:32,663 - WARNING - Retrying (Retry(total=0, connect=None, read=None, redirect=None, status=None)) after connection broken by 'NewConnectionError("HTTPConnection(host='localhost', port=51140): Failed to establish a new connection: [WinError 10061] No connection could be made because the target machine actively refused it")': /session/c2612627050f47648c0383d831a91840/execute/sync
2026-04-08 22:41:40,795 - WARNING - Retrying (Retry(total=2, connect=None, read=None, redirect=None, status=None)) after connection broken by 'NewConnectionError("HTTPConnection(host='localhost', port=51140): Failed to establish a new connection: [WinError 10061] No connection could be made because the target machine actively refused it")': /session/c2612627050f47648c0383d831a91840/execute/sync
2026-04-08 22:41:44,866 - WARNING - Retrying (Retry(total=1, connect=None, read=None, redirect=None, status=None)) after connection broken by 'NewConnectionError("HTTPConnection(host='localhost', port=51140): Failed to establish a new connection: [WinError 10061] No connection could be made because the target machine actively refused it")': /session/c2612627050f47648c0383d831a91840/execute/sync
2026-04-08 22:41:48,933 - WARNING - Retrying (Retry(total=0, connect=None, read=None, redirect=None, status=None)) after connection broken by 'NewConnectionError("HTTPConnection(host='localhost', port=51140): Failed to establish a new connection: [WinError 10061] No connection could be made because the target machine actively refused it")': /session/c2612627050f47648c0383d831a91840/execute/sync
2026-04-08 22:41:57,068 - WARNING - Retrying (Retry(total=2, connect=None, read=None, redirect=None, status=None)) after connection broken by 'NewConnectionError("HTTPConnection(host='localhost', port=51140): Failed to establish a new connection: [WinError 10061] No connection could be made because the target machine actively refused it")': /session/c2612627050f47648c0383d831a91840/execute/sync
2026-04-08 22:42:01,105 - WARNING - Retrying (Retry(total=1, connect=None, read=None, redirect=None, status=None)) after connection broken by 'NewConnectionError("HTTPConnection(host='localhost', port=51140): Failed to establish a new connection: [WinError 10061] No connection could be made because the target machine actively refused it")': /session/c2612627050f47648c0383d831a91840/execute/sync
2026-04-08 22:42:05,149 - WARNING - Retrying (Retry(total=0, connect=None, read=None, redirect=None, status=None)) after connection broken by 'NewConnectionError("HTTPConnection(host='localhost', port=51140): Failed to establish a new connection: [WinError 10061] No connection could be made because the target machine actively refused it")': /session/c2612627050f47648c0383d831a91840/execute/sync
2026-04-08 22:42:13,270 - WARNING - Retrying (Retry(total=2, connect=None, read=None, redirect=None, status=None)) after connection broken by 'NewConnectionError("HTTPConnection(host='localhost', port=51140): Failed to establish a new connection: [WinError 10061] No connection could be made because the target machine actively refused it")': /session/c2612627050f47648c0383d831a91840/execute/sync
2026-04-08 22:42:17,367 - WARNING - Retrying (Retry(total=1, connect=None, read=None, redirect=None, status=None)) after connection broken by 'NewConnectionError("HTTPConnection(host='localhost', port=51140): Failed to establish a new connection: [WinError 10061] No connection could be made because the target machine actively refused it")': /session/c2612627050f47648c0383d831a91840/execute/sync
2026-04-08 22:42:21,455 - WARNING - Retrying (Retry(total=0, connect=None, read=None, redirect=None, status=None)) after connection broken by 'NewConnectionError("HTTPConnection(host='localhost', port=51140): Failed to establish a new connection: [WinError 10061] No connection could be made because the target machine actively refused it")': /session/c2612627050f47648c0383d831a91840/execute/sync
2026-04-08 22:42:29,537 - WARNING - Retrying (Retry(total=2, connect=None, read=None, redirect=None, status=None)) after connection broken by 'NewConnectionError("HTTPConnection(host='localhost', port=51140): Failed to establish a new connection: [WinError 10061] No connection could be made because the target machine actively refused it")': /session/c2612627050f47648c0383d831a91840/execute/sync
2026-04-08 22:42:33,612 - WARNING - Retrying (Retry(total=1, connect=None, read=None, redirect=None, status=None)) after connection broken by 'NewConnectionError("HTTPConnection(host='localhost', port=51140): Failed to establish a new connection: [WinError 10061] No connection could be made because the target machine actively refused it")': /session/c2612627050f47648c0383d831a91840/execute/sync
2026-04-08 22:42:37,675 - WARNING - Retrying (Retry(total=0, connect=None, read=None, redirect=None, status=None)) after connection broken by 'NewConnectionError("HTTPConnection(host='localhost', port=51140): Failed to establish a new connection: [WinError 10061] No connection could be made because the target machine actively refused it")': /session/c2612627050f47648c0383d831a91840/execute/sync
2026-04-08 22:42:45,809 - WARNING - Retrying (Retry(total=2, connect=None, read=None, redirect=None, status=None)) after connection broken by 'NewConnectionError("HTTPConnection(host='localhost', port=51140): Failed to establish a new connection: [WinError 10061] No connection could be made because the target machine actively refused it")': /session/c2612627050f47648c0383d831a91840/execute/sync
2026-04-08 22:42:49,870 - WARNING - Retrying (Retry(total=1, connect=None, read=None, redirect=None, status=None)) after connection broken by 'NewConnectionError("HTTPConnection(host='localhost', port=51140): Failed to establish a new connection: [WinError 10061] No connection could be made because the target machine actively refused it")': /session/c2612627050f47648c0383d831a91840/execute/sync
2026-04-08 22:42:53,938 - WARNING - Retrying (Retry(total=0, connect=None, read=None, redirect=None, status=None)) after connection broken by 'NewConnectionError("HTTPConnection(host='localhost', port=51140): Failed to establish a new connection: [WinError 10061] No connection could be made because the target machine actively refused it")': /session/c2612627050f47648c0383d831a91840/execute/sync
2026-04-08 22:43:02,089 - WARNING - Retrying (Retry(total=2, connect=None, read=None, redirect=None, status=None)) after connection broken by 'NewConnectionError("HTTPConnection(host='localhost', port=51140): Failed to establish a new connection: [WinError 10061] No connection could be made because the target machine actively refused it")': /session/c2612627050f47648c0383d831a91840/execute/sync
2026-04-08 22:43:06,170 - WARNING - Retrying (Retry(total=1, connect=None, read=None, redirect=None, status=None)) after connection broken by 'NewConnectionError("HTTPConnection(host='localhost', port=51140): Failed to establish a new connection: [WinError 10061] No connection could be made because the target machine actively refused it")': /session/c2612627050f47648c0383d831a91840/execute/sync
2026-04-08 22:43:10,283 - WARNING - Retrying (Retry(total=0, connect=None, read=None, redirect=None, status=None)) after connection broken by 'NewConnectionError("HTTPConnection(host='localhost', port=51140): Failed to establish a new connection: [WinError 10061] No connection could be made because the target machine actively refused it")': /session/c2612627050f47648c0383d831a91840/execute/sync
2026-04-08 22:43:18,474 - WARNING - Retrying (Retry(total=2, connect=None, read=None, redirect=None, status=None)) after connection broken by 'NewConnectionError("HTTPConnection(host='localhost', port=51140): Failed to establish a new connection: [WinError 10061] No connection could be made because the target machine actively refused it")': /session/c2612627050f47648c0383d831a91840/execute/sync
2026-04-08 22:43:22,551 - WARNING - Retrying (Retry(total=1, connect=None, read=None, redirect=None, status=None)) after connection broken by 'NewConnectionError("HTTPConnection(host='localhost', port=51140): Failed to establish a new connection: [WinError 10061] No connection could be made because the target machine actively refused it")': /session/c2612627050f47648c0383d831a91840/execute/sync
2026-04-08 22:43:26,606 - WARNING - Retrying (Retry(total=0, connect=None, read=None, redirect=None, status=None)) after connection broken by 'NewConnectionError("HTTPConnection(host='localhost', port=51140): Failed to establish a new connection: [WinError 10061] No connection could be made because the target machine actively refused it")': /session/c2612627050f47648c0383d831a91840/execute/sync
2026-04-08 22:43:34,689 - WARNING - Retrying (Retry(total=2, connect=None, read=None, redirect=None, status=None)) after connection broken by 'NewConnectionError("HTTPConnection(host='localhost', port=51140): Failed to establish a new connection: [WinError 10061] No connection could be made because the target machine actively refused it")': /session/c2612627050f47648c0383d831a91840/execute/sync
2026-04-08 22:43:38,777 - WARNING - Retrying (Retry(total=1, connect=None, read=None, redirect=None, status=None)) after connection broken by 'NewConnectionError("HTTPConnection(host='localhost', port=51140): Failed to establish a new connection: [WinError 10061] No connection could be made because the target machine actively refused it")': /session/c2612627050f47648c0383d831a91840/execute/sync
2026-04-08 22:43:42,874 - WARNING - Retrying (Retry(total=0, connect=None, read=None, redirect=None, status=None)) after connection broken by 'NewConnectionError("HTTPConnection(host='localhost', port=51140): Failed to establish a new connection: [WinError 10061] No connection could be made because the target machine actively refused it")': /session/c2612627050f47648c0383d831a91840/execute/sync
2026-04-08 22:43:51,035 - WARNING - Retrying (Retry(total=2, connect=None, read=None, redirect=None, status=None)) after connection broken by 'NewConnectionError("HTTPConnection(host='localhost', port=51140): Failed to establish a new connection: [WinError 10061] No connection could be made because the target machine actively refused it")': /session/c2612627050f47648c0383d831a91840/execute/sync
2026-04-08 22:43:55,090 - WARNING - Retrying (Retry(total=1, connect=None, read=None, redirect=None, status=None)) after connection broken by 'NewConnectionError("HTTPConnection(host='localhost', port=51140): Failed to establish a new connection: [WinError 10061] No connection could be made because the target machine actively refused it")': /session/c2612627050f47648c0383d831a91840/execute/sync
2026-04-08 22:43:59,168 - WARNING - Retrying (Retry(total=0, connect=None, read=None, redirect=None, status=None)) after connection broken by 'NewConnectionError("HTTPConnection(host='localhost', port=51140): Failed to establish a new connection: [WinError 10061] No connection could be made because the target machine actively refused it")': /session/c2612627050f47648c0383d831a91840/execute/sync
2026-04-08 22:44:07,284 - WARNING - Retrying (Retry(total=2, connect=None, read=None, redirect=None, status=None)) after connection broken by 'NewConnectionError("HTTPConnection(host='localhost', port=51140): Failed to establish a new connection: [WinError 10061] No connection could be made because the target machine actively refused it")': /session/c2612627050f47648c0383d831a91840/execute/sync
2026-04-08 22:44:11,338 - WARNING - Retrying (Retry(total=1, connect=None, read=None, redirect=None, status=None)) after connection broken by 'NewConnectionError("HTTPConnection(host='localhost', port=51140): Failed to establish a new connection: [WinError 10061] No connection could be made because the target machine actively refused it")': /session/c2612627050f47648c0383d831a91840/execute/sync
2026-04-08 22:44:15,427 - WARNING - Retrying (Retry(total=0, connect=None, read=None, redirect=None, status=None)) after connection broken by 'NewConnectionError("HTTPConnection(host='localhost', port=51140): Failed to establish a new connection: [WinError 10061] No connection could be made because the target machine actively refused it")': /session/c2612627050f47648c0383d831a91840/execute/sync
2026-04-08 22:44:23,565 - WARNING - Retrying (Retry(total=2, connect=None, read=None, redirect=None, status=None)) after connection broken by 'NewConnectionError("HTTPConnection(host='localhost', port=51140): Failed to establish a new connection: [WinError 10061] No connection could be made because the target machine actively refused it")': /session/c2612627050f47648c0383d831a91840/execute/sync
2026-04-08 22:44:27,632 - WARNING - Retrying (Retry(total=1, connect=None, read=None, redirect=None, status=None)) after connection broken by 'NewConnectionError("HTTPConnection(host='localhost', port=51140): Failed to establish a new connection: [WinError 10061] No connection could be made because the target machine actively refused it")': /session/c2612627050f47648c0383d831a91840/execute/sync
2026-04-08 22:44:31,704 - WARNING - Retrying (Retry(total=0, connect=None, read=None, redirect=None, status=None)) after connection broken by 'NewConnectionError("HTTPConnection(host='localhost', port=51140): Failed to establish a new connection: [WinError 10061] No connection could be made because the target machine actively refused it")': /session/c2612627050f47648c0383d831a91840/execute/sync
2026-04-08 22:44:39,837 - WARNING - Retrying (Retry(total=2, connect=None, read=None, redirect=None, status=None)) after connection broken by 'NewConnectionError("HTTPConnection(host='localhost', port=51140): Failed to establish a new connection: [WinError 10061] No connection could be made because the target machine actively refused it")': /session/c2612627050f47648c0383d831a91840/execute/sync
2026-04-08 22:44:43,904 - WARNING - Retrying (Retry(total=1, connect=None, read=None, redirect=None, status=None)) after connection broken by 'NewConnectionError("HTTPConnection(host='localhost', port=51140): Failed to establish a new connection: [WinError 10061] No connection could be made because the target machine actively refused it")': /session/c2612627050f47648c0383d831a91840/execute/sync
2026-04-08 22:44:47,984 - WARNING - Retrying (Retry(total=0, connect=None, read=None, redirect=None, status=None)) after connection broken by 'NewConnectionError("HTTPConnection(host='localhost', port=51140): Failed to establish a new connection: [WinError 10061] No connection could be made because the target machine actively refused it")': /session/c2612627050f47648c0383d831a91840/execute/sync
2026-04-08 22:44:56,125 - WARNING - Retrying (Retry(total=2, connect=None, read=None, redirect=None, status=None)) after connection broken by 'NewConnectionError("HTTPConnection(host='localhost', port=51140): Failed to establish a new connection: [WinError 10061] No connection could be made because the target machine actively refused it")': /session/c2612627050f47648c0383d831a91840/execute/sync
2026-04-08 22:45:00,190 - WARNING - Retrying (Retry(total=1, connect=None, read=None, redirect=None, status=None)) after connection broken by 'NewConnectionError("HTTPConnection(host='localhost', port=51140): Failed to establish a new connection: [WinError 10061] No connection could be made because the target machine actively refused it")': /session/c2612627050f47648c0383d831a91840/execute/sync
2026-04-08 22:45:04,238 - WARNING - Retrying (Retry(total=0, connect=None, read=None, redirect=None, status=None)) after connection broken by 'NewConnectionError("HTTPConnection(host='localhost', port=51140): Failed to establish a new connection: [WinError 10061] No connection could be made because the target machine actively refused it")': /session/c2612627050f47648c0383d831a91840/execute/sync
2026-04-08 22:45:12,382 - WARNING - Retrying (Retry(total=2, connect=None, read=None, redirect=None, status=None)) after connection broken by 'NewConnectionError("HTTPConnection(host='localhost', port=51140): Failed to establish a new connection: [WinError 10061] No connection could be made because the target machine actively refused it")': /session/c2612627050f47648c0383d831a91840/execute/sync
2026-04-08 22:45:16,439 - WARNING - Retrying (Retry(total=1, connect=None, read=None, redirect=None, status=None)) after connection broken by 'NewConnectionError("HTTPConnection(host='localhost', port=51140): Failed to establish a new connection: [WinError 10061] No connection could be made because the target machine actively refused it")': /session/c2612627050f47648c0383d831a91840/execute/sync
2026-04-08 22:45:20,513 - WARNING - Retrying (Retry(total=0, connect=None, read=None, redirect=None, status=None)) after connection broken by 'NewConnectionError("HTTPConnection(host='localhost', port=51140): Failed to establish a new connection: [WinError 10061] No connection could be made because the target machine actively refused it")': /session/c2612627050f47648c0383d831a91840/execute/sync
2026-04-08 22:45:28,658 - WARNING - Retrying (Retry(total=2, connect=None, read=None, redirect=None, status=None)) after connection broken by 'NewConnectionError("HTTPConnection(host='localhost', port=51140): Failed to establish a new connection: [WinError 10061] No connection could be made because the target machine actively refused it")': /session/c2612627050f47648c0383d831a91840/execute/sync
2026-04-08 22:45:32,739 - WARNING - Retrying (Retry(total=1, connect=None, read=None, redirect=None, status=None)) after connection broken by 'NewConnectionError("HTTPConnection(host='localhost', port=51140): Failed to establish a new connection: [WinError 10061] No connection could be made because the target machine actively refused it")': /session/c2612627050f47648c0383d831a91840/execute/sync
2026-04-08 22:45:36,803 - WARNING - Retrying (Retry(total=0, connect=None, read=None, redirect=None, status=None)) after connection broken by 'NewConnectionError("HTTPConnection(host='localhost', port=51140): Failed to establish a new connection: [WinError 10061] No connection could be made because the target machine actively refused it")': /session/c2612627050f47648c0383d831a91840/execute/sync
2026-04-08 22:45:44,931 - WARNING - Retrying (Retry(total=2, connect=None, read=None, redirect=None, status=None)) after connection broken by 'NewConnectionError("HTTPConnection(host='localhost', port=51140): Failed to establish a new connection: [WinError 10061] No connection could be made because the target machine actively refused it")': /session/c2612627050f47648c0383d831a91840/execute/sync
2026-04-08 22:45:49,017 - WARNING - Retrying (Retry(total=1, connect=None, read=None, redirect=None, status=None)) after connection broken by 'NewConnectionError("HTTPConnection(host='localhost', port=51140): Failed to establish a new connection: [WinError 10061] No connection could be made because the target machine actively refused it")': /session/c2612627050f47648c0383d831a91840/execute/sync
2026-04-08 22:45:53,100 - WARNING - Retrying (Retry(total=0, connect=None, read=None, redirect=None, status=None)) after connection broken by 'NewConnectionError("HTTPConnection(host='localhost', port=51140): Failed to establish a new connection: [WinError 10061] No connection could be made because the target machine actively refused it")': /session/c2612627050f47648c0383d831a91840/execute/sync
2026-04-08 22:46:01,255 - WARNING - Retrying (Retry(total=2, connect=None, read=None, redirect=None, status=None)) after connection broken by 'NewConnectionError("HTTPConnection(host='localhost', port=51140): Failed to establish a new connection: [WinError 10061] No connection could be made because the target machine actively refused it")': /session/c2612627050f47648c0383d831a91840/execute/sync
2026-04-08 22:46:05,291 - WARNING - Retrying (Retry(total=1, connect=None, read=None, redirect=None, status=None)) after connection broken by 'NewConnectionError("HTTPConnection(host='localhost', port=51140): Failed to establish a new connection: [WinError 10061] No connection could be made because the target machine actively refused it")': /session/c2612627050f47648c0383d831a91840/execute/sync
2026-04-08 22:46:09,376 - WARNING - Retrying (Retry(total=0, connect=None, read=None, redirect=None, status=None)) after connection broken by 'NewConnectionError("HTTPConnection(host='localhost', port=51140): Failed to establish a new connection: [WinError 10061] No connection could be made because the target machine actively refused it")': /session/c2612627050f47648c0383d831a91840/execute/sync
2026-04-08 22:46:17,534 - WARNING - Retrying (Retry(total=2, connect=None, read=None, redirect=None, status=None)) after connection broken by 'NewConnectionError("HTTPConnection(host='localhost', port=51140): Failed to establish a new connection: [WinError 10061] No connection could be made because the target machine actively refused it")': /session/c2612627050f47648c0383d831a91840/execute/sync
2026-04-08 22:46:21,602 - WARNING - Retrying (Retry(total=1, connect=None, read=None, redirect=None, status=None)) after connection broken by 'NewConnectionError("HTTPConnection(host='localhost', port=51140): Failed to establish a new connection: [WinError 10061] No connection could be made because the target machine actively refused it")': /session/c2612627050f47648c0383d831a91840/execute/sync
2026-04-08 22:46:25,680 - WARNING - Retrying (Retry(total=0, connect=None, read=None, redirect=None, status=None)) after connection broken by 'NewConnectionError("HTTPConnection(host='localhost', port=51140): Failed to establish a new connection: [WinError 10061] No connection could be made because the target machine actively refused it")': /session/c2612627050f47648c0383d831a91840/execute/sync
2026-04-08 22:46:33,794 - WARNING - Retrying (Retry(total=2, connect=None, read=None, redirect=None, status=None)) after connection broken by 'NewConnectionError("HTTPConnection(host='localhost', port=51140): Failed to establish a new connection: [WinError 10061] No connection could be made because the target machine actively refused it")': /session/c2612627050f47648c0383d831a91840/execute/sync
2026-04-08 22:46:37,864 - WARNING - Retrying (Retry(total=1, connect=None, read=None, redirect=None, status=None)) after connection broken by 'NewConnectionError("HTTPConnection(host='localhost', port=51140): Failed to establish a new connection: [WinError 10061] No connection could be made because the target machine actively refused it")': /session/c2612627050f47648c0383d831a91840/execute/sync
2026-04-08 22:46:41,933 - WARNING - Retrying (Retry(total=0, connect=None, read=None, redirect=None, status=None)) after connection broken by 'NewConnectionError("HTTPConnection(host='localhost', port=51140): Failed to establish a new connection: [WinError 10061] No connection could be made because the target machine actively refused it")': /session/c2612627050f47648c0383d831a91840/execute/sync
2026-04-08 22:46:50,070 - WARNING - Retrying (Retry(total=2, connect=None, read=None, redirect=None, status=None)) after connection broken by 'NewConnectionError("HTTPConnection(host='localhost', port=51140): Failed to establish a new connection: [WinError 10061] No connection could be made because the target machine actively refused it")': /session/c2612627050f47648c0383d831a91840/execute/sync
2026-04-08 22:46:54,168 - WARNING - Retrying (Retry(total=1, connect=None, read=None, redirect=None, status=None)) after connection broken by 'NewConnectionError("HTTPConnection(host='localhost', port=51140): Failed to establish a new connection: [WinError 10061] No connection could be made because the target machine actively refused it")': /session/c2612627050f47648c0383d831a91840/execute/sync
2026-04-08 22:46:58,217 - WARNING - Retrying (Retry(total=0, connect=None, read=None, redirect=None, status=None)) after connection broken by 'NewConnectionError("HTTPConnection(host='localhost', port=51140): Failed to establish a new connection: [WinError 10061] No connection could be made because the target machine actively refused it")': /session/c2612627050f47648c0383d831a91840/execute/sync
2026-04-08 22:47:06,443 - WARNING - Retrying (Retry(total=2, connect=None, read=None, redirect=None, status=None)) after connection broken by 'NewConnectionError("HTTPConnection(host='localhost', port=51140): Failed to establish a new connection: [WinError 10061] No connection could be made because the target machine actively refused it")': /session/c2612627050f47648c0383d831a91840/execute/sync
2026-04-08 22:47:10,483 - WARNING - Retrying (Retry(total=1, connect=None, read=None, redirect=None, status=None)) after connection broken by 'NewConnectionError("HTTPConnection(host='localhost', port=51140): Failed to establish a new connection: [WinError 10061] No connection could be made because the target machine actively refused it")': /session/c2612627050f47648c0383d831a91840/execute/sync
2026-04-08 22:47:14,609 - WARNING - Retrying (Retry(total=0, connect=None, read=None, redirect=None, status=None)) after connection broken by 'NewConnectionError("HTTPConnection(host='localhost', port=51140): Failed to establish a new connection: [WinError 10061] No connection could be made because the target machine actively refused it")': /session/c2612627050f47648c0383d831a91840/execute/sync
2026-04-08 22:47:22,757 - WARNING - Retrying (Retry(total=2, connect=None, read=None, redirect=None, status=None)) after connection broken by 'NewConnectionError("HTTPConnection(host='localhost', port=51140): Failed to establish a new connection: [WinError 10061] No connection could be made because the target machine actively refused it")': /session/c2612627050f47648c0383d831a91840/execute/sync
2026-04-08 22:47:26,803 - WARNING - Retrying (Retry(total=1, connect=None, read=None, redirect=None, status=None)) after connection broken by 'NewConnectionError("HTTPConnection(host='localhost', port=51140): Failed to establish a new connection: [WinError 10061] No connection could be made because the target machine actively refused it")': /session/c2612627050f47648c0383d831a91840/execute/sync
2026-04-08 22:47:30,887 - WARNING - Retrying (Retry(total=0, connect=None, read=None, redirect=None, status=None)) after connection broken by 'NewConnectionError("HTTPConnection(host='localhost', port=51140): Failed to establish a new connection: [WinError 10061] No connection could be made because the target machine actively refused it")': /session/c2612627050f47648c0383d831a91840/execute/sync
2026-04-08 22:47:39,032 - WARNING - Retrying (Retry(total=2, connect=None, read=None, redirect=None, status=None)) after connection broken by 'NewConnectionError("HTTPConnection(host='localhost', port=51140): Failed to establish a new connection: [WinError 10061] No connection could be made because the target machine actively refused it")': /session/c2612627050f47648c0383d831a91840/execute/sync
2026-04-08 22:47:43,082 - WARNING - Retrying (Retry(total=1, connect=None, read=None, redirect=None, status=None)) after connection broken by 'NewConnectionError("HTTPConnection(host='localhost', port=51140): Failed to establish a new connection: [WinError 10061] No connection could be made because the target machine actively refused it")': /session/c2612627050f47648c0383d831a91840/execute/sync
2026-04-08 22:47:47,139 - WARNING - Retrying (Retry(total=0, connect=None, read=None, redirect=None, status=None)) after connection broken by 'NewConnectionError("HTTPConnection(host='localhost', port=51140): Failed to establish a new connection: [WinError 10061] No connection could be made because the target machine actively refused it")': /session/c2612627050f47648c0383d831a91840/execute/sync
2026-04-08 22:47:55,228 - WARNING - Retrying (Retry(total=2, connect=None, read=None, redirect=None, status=None)) after connection broken by 'NewConnectionError("HTTPConnection(host='localhost', port=51140): Failed to establish a new connection: [WinError 10061] No connection could be made because the target machine actively refused it")': /session/c2612627050f47648c0383d831a91840/execute/sync
2026-04-08 22:47:59,294 - WARNING - Retrying (Retry(total=1, connect=None, read=None, redirect=None, status=None)) after connection broken by 'NewConnectionError("HTTPConnection(host='localhost', port=51140): Failed to establish a new connection: [WinError 10061] No connection could be made because the target machine actively refused it")': /session/c2612627050f47648c0383d831a91840/execute/sync
2026-04-08 22:48:03,349 - WARNING - Retrying (Retry(total=0, connect=None, read=None, redirect=None, status=None)) after connection broken by 'NewConnectionError("HTTPConnection(host='localhost', port=51140): Failed to establish a new connection: [WinError 10061] No connection could be made because the target machine actively refused it")': /session/c2612627050f47648c0383d831a91840/execute/sync
2026-04-08 22:48:11,473 - WARNING - Retrying (Retry(total=2, connect=None, read=None, redirect=None, status=None)) after connection broken by 'NewConnectionError("HTTPConnection(host='localhost', port=51140): Failed to establish a new connection: [WinError 10061] No connection could be made because the target machine actively refused it")': /session/c2612627050f47648c0383d831a91840/execute/sync
2026-04-08 22:48:15,527 - WARNING - Retrying (Retry(total=1, connect=None, read=None, redirect=None, status=None)) after connection broken by 'NewConnectionError("HTTPConnection(host='localhost', port=51140): Failed to establish a new connection: [WinError 10061] No connection could be made because the target machine actively refused it")': /session/c2612627050f47648c0383d831a91840/execute/sync
2026-04-08 22:48:19,579 - WARNING - Retrying (Retry(total=0, connect=None, read=None, redirect=None, status=None)) after connection broken by 'NewConnectionError("HTTPConnection(host='localhost', port=51140): Failed to establish a new connection: [WinError 10061] No connection could be made because the target machine actively refused it")': /session/c2612627050f47648c0383d831a91840/execute/sync
2026-04-08 22:48:27,689 - WARNING - Retrying (Retry(total=2, connect=None, read=None, redirect=None, status=None)) after connection broken by 'NewConnectionError("HTTPConnection(host='localhost', port=51140): Failed to establish a new connection: [WinError 10061] No connection could be made because the target machine actively refused it")': /session/c2612627050f47648c0383d831a91840/execute/sync
2026-04-08 22:48:31,769 - WARNING - Retrying (Retry(total=1, connect=None, read=None, redirect=None, status=None)) after connection broken by 'NewConnectionError("HTTPConnection(host='localhost', port=51140): Failed to establish a new connection: [WinError 10061] No connection could be made because the target machine actively refused it")': /session/c2612627050f47648c0383d831a91840/execute/sync
2026-04-08 22:48:35,808 - WARNING - Retrying (Retry(total=0, connect=None, read=None, redirect=None, status=None)) after connection broken by 'NewConnectionError("HTTPConnection(host='localhost', port=51140): Failed to establish a new connection: [WinError 10061] No connection could be made because the target machine actively refused it")': /session/c2612627050f47648c0383d831a91840/execute/sync
2026-04-08 22:48:43,939 - WARNING - Retrying (Retry(total=2, connect=None, read=None, redirect=None, status=None)) after connection broken by 'NewConnectionError("HTTPConnection(host='localhost', port=51140): Failed to establish a new connection: [WinError 10061] No connection could be made because the target machine actively refused it")': /session/c2612627050f47648c0383d831a91840/execute/sync
2026-04-08 22:48:47,982 - WARNING - Retrying (Retry(total=1, connect=None, read=None, redirect=None, status=None)) after connection broken by 'NewConnectionError("HTTPConnection(host='localhost', port=51140): Failed to establish a new connection: [WinError 10061] No connection could be made because the target machine actively refused it")': /session/c2612627050f47648c0383d831a91840/execute/sync
2026-04-08 22:48:52,047 - WARNING - Retrying (Retry(total=0, connect=None, read=None, redirect=None, status=None)) after connection broken by 'NewConnectionError("HTTPConnection(host='localhost', port=51140): Failed to establish a new connection: [WinError 10061] No connection could be made because the target machine actively refused it")': /session/c2612627050f47648c0383d831a91840/execute/sync
2026-04-08 22:49:00,213 - WARNING - Retrying (Retry(total=2, connect=None, read=None, redirect=None, status=None)) after connection broken by 'NewConnectionError("HTTPConnection(host='localhost', port=51140): Failed to establish a new connection: [WinError 10061] No connection could be made because the target machine actively refused it")': /session/c2612627050f47648c0383d831a91840/execute/sync
2026-04-08 22:49:04,244 - WARNING - Retrying (Retry(total=1, connect=None, read=None, redirect=None, status=None)) after connection broken by 'NewConnectionError("HTTPConnection(host='localhost', port=51140): Failed to establish a new connection: [WinError 10061] No connection could be made because the target machine actively refused it")': /session/c2612627050f47648c0383d831a91840/execute/sync
2026-04-08 22:49:08,321 - WARNING - Retrying (Retry(total=0, connect=None, read=None, redirect=None, status=None)) after connection broken by 'NewConnectionError("HTTPConnection(host='localhost', port=51140): Failed to establish a new connection: [WinError 10061] No connection could be made because the target machine actively refused it")': /session/c2612627050f47648c0383d831a91840/execute/sync
2026-04-08 22:49:16,494 - WARNING - Retrying (Retry(total=2, connect=None, read=None, redirect=None, status=None)) after connection broken by 'NewConnectionError("HTTPConnection(host='localhost', port=51140): Failed to establish a new connection: [WinError 10061] No connection could be made because the target machine actively refused it")': /session/c2612627050f47648c0383d831a91840/execute/sync
2026-04-08 22:49:20,534 - WARNING - Retrying (Retry(total=1, connect=None, read=None, redirect=None, status=None)) after connection broken by 'NewConnectionError("HTTPConnection(host='localhost', port=51140): Failed to establish a new connection: [WinError 10061] No connection could be made because the target machine actively refused it")': /session/c2612627050f47648c0383d831a91840/execute/sync
2026-04-08 22:49:24,618 - WARNING - Retrying (Retry(total=0, connect=None, read=None, redirect=None, status=None)) after connection broken by 'NewConnectionError("HTTPConnection(host='localhost', port=51140): Failed to establish a new connection: [WinError 10061] No connection could be made because the target machine actively refused it")': /session/c2612627050f47648c0383d831a91840/execute/sync
2026-04-08 22:49:32,749 - WARNING - Retrying (Retry(total=2, connect=None, read=None, redirect=None, status=None)) after connection broken by 'NewConnectionError("HTTPConnection(host='localhost', port=51140): Failed to establish a new connection: [WinError 10061] No connection could be made because the target machine actively refused it")': /session/c2612627050f47648c0383d831a91840/execute/sync
2026-04-08 22:49:36,801 - WARNING - Retrying (Retry(total=1, connect=None, read=None, redirect=None, status=None)) after connection broken by 'NewConnectionError("HTTPConnection(host='localhost', port=51140): Failed to establish a new connection: [WinError 10061] No connection could be made because the target machine actively refused it")': /session/c2612627050f47648c0383d831a91840/execute/sync
2026-04-08 22:49:40,862 - WARNING - Retrying (Retry(total=0, connect=None, read=None, redirect=None, status=None)) after connection broken by 'NewConnectionError("HTTPConnection(host='localhost', port=51140): Failed to establish a new connection: [WinError 10061] No connection could be made because the target machine actively refused it")': /session/c2612627050f47648c0383d831a91840/execute/sync
2026-04-08 22:49:48,996 - WARNING - Retrying (Retry(total=2, connect=None, read=None, redirect=None, status=None)) after connection broken by 'NewConnectionError("HTTPConnection(host='localhost', port=51140): Failed to establish a new connection: [WinError 10061] No connection could be made because the target machine actively refused it")': /session/c2612627050f47648c0383d831a91840/execute/sync
2026-04-08 22:49:53,099 - WARNING - Retrying (Retry(total=1, connect=None, read=None, redirect=None, status=None)) after connection broken by 'NewConnectionError("HTTPConnection(host='localhost', port=51140): Failed to establish a new connection: [WinError 10061] No connection could be made because the target machine actively refused it")': /session/c2612627050f47648c0383d831a91840/execute/sync
2026-04-08 22:49:57,159 - WARNING - Retrying (Retry(total=0, connect=None, read=None, redirect=None, status=None)) after connection broken by 'NewConnectionError("HTTPConnection(host='localhost', port=51140): Failed to establish a new connection: [WinError 10061] No connection could be made because the target machine actively refused it")': /session/c2612627050f47648c0383d831a91840/execute/sync
2026-04-08 22:50:05,319 - WARNING - Retrying (Retry(total=2, connect=None, read=None, redirect=None, status=None)) after connection broken by 'NewConnectionError("HTTPConnection(host='localhost', port=51140): Failed to establish a new connection: [WinError 10061] No connection could be made because the target machine actively refused it")': /session/c2612627050f47648c0383d831a91840/execute/sync
2026-04-08 22:50:09,382 - WARNING - Retrying (Retry(total=1, connect=None, read=None, redirect=None, status=None)) after connection broken by 'NewConnectionError("HTTPConnection(host='localhost', port=51140): Failed to establish a new connection: [WinError 10061] No connection could be made because the target machine actively refused it")': /session/c2612627050f47648c0383d831a91840/execute/sync
2026-04-08 22:50:13,422 - WARNING - Retrying (Retry(total=0, connect=None, read=None, redirect=None, status=None)) after connection broken by 'NewConnectionError("HTTPConnection(host='localhost', port=51140): Failed to establish a new connection: [WinError 10061] No connection could be made because the target machine actively refused it")': /session/c2612627050f47648c0383d831a91840/execute/sync
2026-04-08 22:50:21,560 - WARNING - Retrying (Retry(total=2, connect=None, read=None, redirect=None, status=None)) after connection broken by 'NewConnectionError("HTTPConnection(host='localhost', port=51140): Failed to establish a new connection: [WinError 10061] No connection could be made because the target machine actively refused it")': /session/c2612627050f47648c0383d831a91840/execute/sync
2026-04-08 22:50:25,637 - WARNING - Retrying (Retry(total=1, connect=None, read=None, redirect=None, status=None)) after connection broken by 'NewConnectionError("HTTPConnection(host='localhost', port=51140): Failed to establish a new connection: [WinError 10061] No connection could be made because the target machine actively refused it")': /session/c2612627050f47648c0383d831a91840/execute/sync
2026-04-08 22:50:29,747 - WARNING - Retrying (Retry(total=0, connect=None, read=None, redirect=None, status=None)) after connection broken by 'NewConnectionError("HTTPConnection(host='localhost', port=51140): Failed to establish a new connection: [WinError 10061] No connection could be made because the target machine actively refused it")': /session/c2612627050f47648c0383d831a91840/execute/sync
2026-04-08 22:50:37,895 - WARNING - Retrying (Retry(total=2, connect=None, read=None, redirect=None, status=None)) after connection broken by 'NewConnectionError("HTTPConnection(host='localhost', port=51140): Failed to establish a new connection: [WinError 10061] No connection could be made because the target machine actively refused it")': /session/c2612627050f47648c0383d831a91840/execute/sync
2026-04-08 22:50:41,943 - WARNING - Retrying (Retry(total=1, connect=None, read=None, redirect=None, status=None)) after connection broken by 'NewConnectionError("HTTPConnection(host='localhost', port=51140): Failed to establish a new connection: [WinError 10061] No connection could be made because the target machine actively refused it")': /session/c2612627050f47648c0383d831a91840/execute/sync
2026-04-08 22:50:46,006 - WARNING - Retrying (Retry(total=0, connect=None, read=None, redirect=None, status=None)) after connection broken by 'NewConnectionError("HTTPConnection(host='localhost', port=51140): Failed to establish a new connection: [WinError 10061] No connection could be made because the target machine actively refused it")': /session/c2612627050f47648c0383d831a91840/execute/sync
2026-04-08 22:50:54,130 - WARNING - Retrying (Retry(total=2, connect=None, read=None, redirect=None, status=None)) after connection broken by 'NewConnectionError("HTTPConnection(host='localhost', port=51140): Failed to establish a new connection: [WinError 10061] No connection could be made because the target machine actively refused it")': /session/c2612627050f47648c0383d831a91840/execute/sync
2026-04-08 22:50:58,211 - WARNING - Retrying (Retry(total=1, connect=None, read=None, redirect=None, status=None)) after connection broken by 'NewConnectionError("HTTPConnection(host='localhost', port=51140): Failed to establish a new connection: [WinError 10061] No connection could be made because the target machine actively refused it")': /session/c2612627050f47648c0383d831a91840/execute/sync
2026-04-08 22:51:02,284 - WARNING - Retrying (Retry(total=0, connect=None, read=None, redirect=None, status=None)) after connection broken by 'NewConnectionError("HTTPConnection(host='localhost', port=51140): Failed to establish a new connection: [WinError 10061] No connection could be made because the target machine actively refused it")': /session/c2612627050f47648c0383d831a91840/execute/sync
2026-04-08 22:51:10,372 - WARNING - Retrying (Retry(total=2, connect=None, read=None, redirect=None, status=None)) after connection broken by 'NewConnectionError("HTTPConnection(host='localhost', port=51140): Failed to establish a new connection: [WinError 10061] No connection could be made because the target machine actively refused it")': /session/c2612627050f47648c0383d831a91840/execute/sync
2026-04-08 22:51:14,440 - WARNING - Retrying (Retry(total=1, connect=None, read=None, redirect=None, status=None)) after connection broken by 'NewConnectionError("HTTPConnection(host='localhost', port=51140): Failed to establish a new connection: [WinError 10061] No connection could be made because the target machine actively refused it")': /session/c2612627050f47648c0383d831a91840/execute/sync
2026-04-08 22:51:18,534 - WARNING - Retrying (Retry(total=0, connect=None, read=None, redirect=None, status=None)) after connection broken by 'NewConnectionError("HTTPConnection(host='localhost', port=51140): Failed to establish a new connection: [WinError 10061] No connection could be made because the target machine actively refused it")': /session/c2612627050f47648c0383d831a91840/execute/sync
2026-04-08 22:51:26,659 - WARNING - Retrying (Retry(total=2, connect=None, read=None, redirect=None, status=None)) after connection broken by 'NewConnectionError("HTTPConnection(host='localhost', port=51140): Failed to establish a new connection: [WinError 10061] No connection could be made because the target machine actively refused it")': /session/c2612627050f47648c0383d831a91840/execute/sync
2026-04-08 22:51:30,743 - WARNING - Retrying (Retry(total=1, connect=None, read=None, redirect=None, status=None)) after connection broken by 'NewConnectionError("HTTPConnection(host='localhost', port=51140): Failed to establish a new connection: [WinError 10061] No connection could be made because the target machine actively refused it")': /session/c2612627050f47648c0383d831a91840/execute/sync
2026-04-08 22:51:34,797 - WARNING - Retrying (Retry(total=0, connect=None, read=None, redirect=None, status=None)) after connection broken by 'NewConnectionError("HTTPConnection(host='localhost', port=51140): Failed to establish a new connection: [WinError 10061] No connection could be made because the target machine actively refused it")': /session/c2612627050f47648c0383d831a91840/execute/sync
2026-04-08 22:51:42,921 - WARNING - Retrying (Retry(total=2, connect=None, read=None, redirect=None, status=None)) after connection broken by 'NewConnectionError("HTTPConnection(host='localhost', port=51140): Failed to establish a new connection: [WinError 10061] No connection could be made because the target machine actively refused it")': /session/c2612627050f47648c0383d831a91840/execute/sync
2026-04-08 22:51:47,008 - WARNING - Retrying (Retry(total=1, connect=None, read=None, redirect=None, status=None)) after connection broken by 'NewConnectionError("HTTPConnection(host='localhost', port=51140): Failed to establish a new connection: [WinError 10061] No connection could be made because the target machine actively refused it")': /session/c2612627050f47648c0383d831a91840/execute/sync
2026-04-08 22:51:51,092 - WARNING - Retrying (Retry(total=0, connect=None, read=None, redirect=None, status=None)) after connection broken by 'NewConnectionError("HTTPConnection(host='localhost', port=51140): Failed to establish a new connection: [WinError 10061] No connection could be made because the target machine actively refused it")': /session/c2612627050f47648c0383d831a91840/execute/sync
2026-04-08 22:51:59,273 - WARNING - Retrying (Retry(total=2, connect=None, read=None, redirect=None, status=None)) after connection broken by 'NewConnectionError("HTTPConnection(host='localhost', port=51140): Failed to establish a new connection: [WinError 10061] No connection could be made because the target machine actively refused it")': /session/c2612627050f47648c0383d831a91840/execute/sync
2026-04-08 22:52:03,331 - WARNING - Retrying (Retry(total=1, connect=None, read=None, redirect=None, status=None)) after connection broken by 'NewConnectionError("HTTPConnection(host='localhost', port=51140): Failed to establish a new connection: [WinError 10061] No connection could be made because the target machine actively refused it")': /session/c2612627050f47648c0383d831a91840/execute/sync
2026-04-08 22:52:07,366 - WARNING - Retrying (Retry(total=0, connect=None, read=None, redirect=None, status=None)) after connection broken by 'NewConnectionError("HTTPConnection(host='localhost', port=51140): Failed to establish a new connection: [WinError 10061] No connection could be made because the target machine actively refused it")': /session/c2612627050f47648c0383d831a91840/execute/sync
2026-04-08 22:52:15,495 - WARNING - Retrying (Retry(total=2, connect=None, read=None, redirect=None, status=None)) after connection broken by 'NewConnectionError("HTTPConnection(host='localhost', port=51140): Failed to establish a new connection: [WinError 10061] No connection could be made because the target machine actively refused it")': /session/c2612627050f47648c0383d831a91840/execute/sync
2026-04-08 22:52:19,586 - WARNING - Retrying (Retry(total=1, connect=None, read=None, redirect=None, status=None)) after connection broken by 'NewConnectionError("HTTPConnection(host='localhost', port=51140): Failed to establish a new connection: [WinError 10061] No connection could be made because the target machine actively refused it")': /session/c2612627050f47648c0383d831a91840/execute/sync
2026-04-08 22:52:23,644 - WARNING - Retrying (Retry(total=0, connect=None, read=None, redirect=None, status=None)) after connection broken by 'NewConnectionError("HTTPConnection(host='localhost', port=51140): Failed to establish a new connection: [WinError 10061] No connection could be made because the target machine actively refused it")': /session/c2612627050f47648c0383d831a91840/execute/sync
2026-04-08 22:52:31,792 - WARNING - Retrying (Retry(total=2, connect=None, read=None, redirect=None, status=None)) after connection broken by 'NewConnectionError("HTTPConnection(host='localhost', port=51140): Failed to establish a new connection: [WinError 10061] No connection could be made because the target machine actively refused it")': /session/c2612627050f47648c0383d831a91840/execute/sync
2026-04-08 22:52:35,865 - WARNING - Retrying (Retry(total=1, connect=None, read=None, redirect=None, status=None)) after connection broken by 'NewConnectionError("HTTPConnection(host='localhost', port=51140): Failed to establish a new connection: [WinError 10061] No connection could be made because the target machine actively refused it")': /session/c2612627050f47648c0383d831a91840/execute/sync
2026-04-08 22:52:39,906 - WARNING - Retrying (Retry(total=0, connect=None, read=None, redirect=None, status=None)) after connection broken by 'NewConnectionError("HTTPConnection(host='localhost', port=51140): Failed to establish a new connection: [WinError 10061] No connection could be made because the target machine actively refused it")': /session/c2612627050f47648c0383d831a91840/execute/sync
2026-04-08 22:52:48,056 - WARNING - Retrying (Retry(total=2, connect=None, read=None, redirect=None, status=None)) after connection broken by 'NewConnectionError("HTTPConnection(host='localhost', port=51140): Failed to establish a new connection: [WinError 10061] No connection could be made because the target machine actively refused it")': /session/c2612627050f47648c0383d831a91840/execute/sync
2026-04-08 22:52:52,127 - WARNING - Retrying (Retry(total=1, connect=None, read=None, redirect=None, status=None)) after connection broken by 'NewConnectionError("HTTPConnection(host='localhost', port=51140): Failed to establish a new connection: [WinError 10061] No connection could be made because the target machine actively refused it")': /session/c2612627050f47648c0383d831a91840/execute/sync
2026-04-08 22:52:56,232 - WARNING - Retrying (Retry(total=0, connect=None, read=None, redirect=None, status=None)) after connection broken by 'NewConnectionError("HTTPConnection(host='localhost', port=51140): Failed to establish a new connection: [WinError 10061] No connection could be made because the target machine actively refused it")': /session/c2612627050f47648c0383d831a91840/execute/sync
2026-04-08 22:53:04,328 - WARNING - Retrying (Retry(total=2, connect=None, read=None, redirect=None, status=None)) after connection broken by 'NewConnectionError("HTTPConnection(host='localhost', port=51140): Failed to establish a new connection: [WinError 10061] No connection could be made because the target machine actively refused it")': /session/c2612627050f47648c0383d831a91840/execute/sync
2026-04-08 22:53:08,387 - WARNING - Retrying (Retry(total=1, connect=None, read=None, redirect=None, status=None)) after connection broken by 'NewConnectionError("HTTPConnection(host='localhost', port=51140): Failed to establish a new connection: [WinError 10061] No connection could be made because the target machine actively refused it")': /session/c2612627050f47648c0383d831a91840/execute/sync
2026-04-08 22:53:12,483 - WARNING - Retrying (Retry(total=0, connect=None, read=None, redirect=None, status=None)) after connection broken by 'NewConnectionError("HTTPConnection(host='localhost', port=51140): Failed to establish a new connection: [WinError 10061] No connection could be made because the target machine actively refused it")': /session/c2612627050f47648c0383d831a91840/execute/sync
2026-04-08 22:53:20,661 - WARNING - Retrying (Retry(total=2, connect=None, read=None, redirect=None, status=None)) after connection broken by 'NewConnectionError("HTTPConnection(host='localhost', port=51140): Failed to establish a new connection: [WinError 10061] No connection could be made because the target machine actively refused it")': /session/c2612627050f47648c0383d831a91840/execute/sync
2026-04-08 22:53:24,732 - WARNING - Retrying (Retry(total=1, connect=None, read=None, redirect=None, status=None)) after connection broken by 'NewConnectionError("HTTPConnection(host='localhost', port=51140): Failed to establish a new connection: [WinError 10061] No connection could be made because the target machine actively refused it")': /session/c2612627050f47648c0383d831a91840/execute/sync
2026-04-08 22:53:28,812 - WARNING - Retrying (Retry(total=0, connect=None, read=None, redirect=None, status=None)) after connection broken by 'NewConnectionError("HTTPConnection(host='localhost', port=51140): Failed to establish a new connection: [WinError 10061] No connection could be made because the target machine actively refused it")': /session/c2612627050f47648c0383d831a91840/execute/sync
2026-04-08 22:53:36,942 - WARNING - Retrying (Retry(total=2, connect=None, read=None, redirect=None, status=None)) after connection broken by 'NewConnectionError("HTTPConnection(host='localhost', port=51140): Failed to establish a new connection: [WinError 10061] No connection could be made because the target machine actively refused it")': /session/c2612627050f47648c0383d831a91840/execute/sync
2026-04-08 22:53:40,984 - WARNING - Retrying (Retry(total=1, connect=None, read=None, redirect=None, status=None)) after connection broken by 'NewConnectionError("HTTPConnection(host='localhost', port=51140): Failed to establish a new connection: [WinError 10061] No connection could be made because the target machine actively refused it")': /session/c2612627050f47648c0383d831a91840/execute/sync
2026-04-08 22:53:45,063 - WARNING - Retrying (Retry(total=0, connect=None, read=None, redirect=None, status=None)) after connection broken by 'NewConnectionError("HTTPConnection(host='localhost', port=51140): Failed to establish a new connection: [WinError 10061] No connection could be made because the target machine actively refused it")': /session/c2612627050f47648c0383d831a91840/execute/sync
2026-04-08 22:53:53,234 - WARNING - Retrying (Retry(total=2, connect=None, read=None, redirect=None, status=None)) after connection broken by 'NewConnectionError("HTTPConnection(host='localhost', port=51140): Failed to establish a new connection: [WinError 10061] No connection could be made because the target machine actively refused it")': /session/c2612627050f47648c0383d831a91840/execute/sync
2026-04-08 22:53:57,297 - WARNING - Retrying (Retry(total=1, connect=None, read=None, redirect=None, status=None)) after connection broken by 'NewConnectionError("HTTPConnection(host='localhost', port=51140): Failed to establish a new connection: [WinError 10061] No connection could be made because the target machine actively refused it")': /session/c2612627050f47648c0383d831a91840/execute/sync
2026-04-08 22:54:01,391 - WARNING - Retrying (Retry(total=0, connect=None, read=None, redirect=None, status=None)) after connection broken by 'NewConnectionError("HTTPConnection(host='localhost', port=51140): Failed to establish a new connection: [WinError 10061] No connection could be made because the target machine actively refused it")': /session/c2612627050f47648c0383d831a91840/execute/sync
2026-04-08 22:54:09,518 - WARNING - Retrying (Retry(total=2, connect=None, read=None, redirect=None, status=None)) after connection broken by 'NewConnectionError("HTTPConnection(host='localhost', port=51140): Failed to establish a new connection: [WinError 10061] No connection could be made because the target machine actively refused it")': /session/c2612627050f47648c0383d831a91840/execute/sync
2026-04-08 22:54:13,582 - WARNING - Retrying (Retry(total=1, connect=None, read=None, redirect=None, status=None)) after connection broken by 'NewConnectionError("HTTPConnection(host='localhost', port=51140): Failed to establish a new connection: [WinError 10061] No connection could be made because the target machine actively refused it")': /session/c2612627050f47648c0383d831a91840/execute/sync
2026-04-08 22:54:17,618 - WARNING - Retrying (Retry(total=0, connect=None, read=None, redirect=None, status=None)) after connection broken by 'NewConnectionError("HTTPConnection(host='localhost', port=51140): Failed to establish a new connection: [WinError 10061] No connection could be made because the target machine actively refused it")': /session/c2612627050f47648c0383d831a91840/execute/sync
2026-04-08 22:54:25,764 - WARNING - Retrying (Retry(total=2, connect=None, read=None, redirect=None, status=None)) after connection broken by 'NewConnectionError("HTTPConnection(host='localhost', port=51140): Failed to establish a new connection: [WinError 10061] No connection could be made because the target machine actively refused it")': /session/c2612627050f47648c0383d831a91840/execute/sync
2026-04-08 22:54:29,797 - WARNING - Retrying (Retry(total=1, connect=None, read=None, redirect=None, status=None)) after connection broken by 'NewConnectionError("HTTPConnection(host='localhost', port=51140): Failed to establish a new connection: [WinError 10061] No connection could be made because the target machine actively refused it")': /session/c2612627050f47648c0383d831a91840/execute/sync
2026-04-08 22:54:33,859 - WARNING - Retrying (Retry(total=0, connect=None, read=None, redirect=None, status=None)) after connection broken by 'NewConnectionError("HTTPConnection(host='localhost', port=51140): Failed to establish a new connection: [WinError 10061] No connection could be made because the target machine actively refused it")': /session/c2612627050f47648c0383d831a91840/execute/sync
2026-04-08 22:54:41,968 - WARNING - Retrying (Retry(total=2, connect=None, read=None, redirect=None, status=None)) after connection broken by 'NewConnectionError("HTTPConnection(host='localhost', port=51140): Failed to establish a new connection: [WinError 10061] No connection could be made because the target machine actively refused it")': /session/c2612627050f47648c0383d831a91840/execute/sync
2026-04-08 22:54:46,012 - WARNING - Retrying (Retry(total=1, connect=None, read=None, redirect=None, status=None)) after connection broken by 'NewConnectionError("HTTPConnection(host='localhost', port=51140): Failed to establish a new connection: [WinError 10061] No connection could be made because the target machine actively refused it")': /session/c2612627050f47648c0383d831a91840/execute/sync
2026-04-08 22:54:50,088 - WARNING - Retrying (Retry(total=0, connect=None, read=None, redirect=None, status=None)) after connection broken by 'NewConnectionError("HTTPConnection(host='localhost', port=51140): Failed to establish a new connection: [WinError 10061] No connection could be made because the target machine actively refused it")': /session/c2612627050f47648c0383d831a91840/execute/sync
2026-04-08 22:54:58,213 - WARNING - Retrying (Retry(total=2, connect=None, read=None, redirect=None, status=None)) after connection broken by 'NewConnectionError("HTTPConnection(host='localhost', port=51140): Failed to establish a new connection: [WinError 10061] No connection could be made because the target machine actively refused it")': /session/c2612627050f47648c0383d831a91840/execute/sync
2026-04-08 22:55:02,304 - WARNING - Retrying (Retry(total=1, connect=None, read=None, redirect=None, status=None)) after connection broken by 'NewConnectionError("HTTPConnection(host='localhost', port=51140): Failed to establish a new connection: [WinError 10061] No connection could be made because the target machine actively refused it")': /session/c2612627050f47648c0383d831a91840/execute/sync
2026-04-08 22:55:06,351 - WARNING - Retrying (Retry(total=0, connect=None, read=None, redirect=None, status=None)) after connection broken by 'NewConnectionError("HTTPConnection(host='localhost', port=51140): Failed to establish a new connection: [WinError 10061] No connection could be made because the target machine actively refused it")': /session/c2612627050f47648c0383d831a91840/execute/sync
2026-04-08 22:55:14,467 - WARNING - Retrying (Retry(total=2, connect=None, read=None, redirect=None, status=None)) after connection broken by 'NewConnectionError("HTTPConnection(host='localhost', port=51140): Failed to establish a new connection: [WinError 10061] No connection could be made because the target machine actively refused it")': /session/c2612627050f47648c0383d831a91840/execute/sync
2026-04-08 22:55:18,510 - WARNING - Retrying (Retry(total=1, connect=None, read=None, redirect=None, status=None)) after connection broken by 'NewConnectionError("HTTPConnection(host='localhost', port=51140): Failed to establish a new connection: [WinError 10061] No connection could be made because the target machine actively refused it")': /session/c2612627050f47648c0383d831a91840/execute/sync
2026-04-08 22:55:22,565 - WARNING - Retrying (Retry(total=0, connect=None, read=None, redirect=None, status=None)) after connection broken by 'NewConnectionError("HTTPConnection(host='localhost', port=51140): Failed to establish a new connection: [WinError 10061] No connection could be made because the target machine actively refused it")': /session/c2612627050f47648c0383d831a91840/execute/sync
2026-04-08 22:55:30,735 - WARNING - Retrying (Retry(total=2, connect=None, read=None, redirect=None, status=None)) after connection broken by 'NewConnectionError("HTTPConnection(host='localhost', port=51140): Failed to establish a new connection: [WinError 10061] No connection could be made because the target machine actively refused it")': /session/c2612627050f47648c0383d831a91840/execute/sync
2026-04-08 22:55:34,816 - WARNING - Retrying (Retry(total=1, connect=None, read=None, redirect=None, status=None)) after connection broken by 'NewConnectionError("HTTPConnection(host='localhost', port=51140): Failed to establish a new connection: [WinError 10061] No connection could be made because the target machine actively refused it")': /session/c2612627050f47648c0383d831a91840/execute/sync
2026-04-08 22:55:38,927 - WARNING - Retrying (Retry(total=0, connect=None, read=None, redirect=None, status=None)) after connection broken by 'NewConnectionError("HTTPConnection(host='localhost', port=51140): Failed to establish a new connection: [WinError 10061] No connection could be made because the target machine actively refused it")': /session/c2612627050f47648c0383d831a91840/execute/sync
2026-04-08 22:55:47,063 - WARNING - Retrying (Retry(total=2, connect=None, read=None, redirect=None, status=None)) after connection broken by 'NewConnectionError("HTTPConnection(host='localhost', port=51140): Failed to establish a new connection: [WinError 10061] No connection could be made because the target machine actively refused it")': /session/c2612627050f47648c0383d831a91840/execute/sync
2026-04-08 22:55:51,129 - WARNING - Retrying (Retry(total=1, connect=None, read=None, redirect=None, status=None)) after connection broken by 'NewConnectionError("HTTPConnection(host='localhost', port=51140): Failed to establish a new connection: [WinError 10061] No connection could be made because the target machine actively refused it")': /session/c2612627050f47648c0383d831a91840/execute/sync
2026-04-08 22:55:55,205 - WARNING - Retrying (Retry(total=0, connect=None, read=None, redirect=None, status=None)) after connection broken by 'NewConnectionError("HTTPConnection(host='localhost', port=51140): Failed to establish a new connection: [WinError 10061] No connection could be made because the target machine actively refused it")': /session/c2612627050f47648c0383d831a91840/execute/sync
2026-04-08 22:56:03,353 - WARNING - Retrying (Retry(total=2, connect=None, read=None, redirect=None, status=None)) after connection broken by 'NewConnectionError("HTTPConnection(host='localhost', port=51140): Failed to establish a new connection: [WinError 10061] No connection could be made because the target machine actively refused it")': /session/c2612627050f47648c0383d831a91840/execute/sync
2026-04-08 22:56:07,419 - WARNING - Retrying (Retry(total=1, connect=None, read=None, redirect=None, status=None)) after connection broken by 'NewConnectionError("HTTPConnection(host='localhost', port=51140): Failed to establish a new connection: [WinError 10061] No connection could be made because the target machine actively refused it")': /session/c2612627050f47648c0383d831a91840/execute/sync
2026-04-08 22:56:11,506 - WARNING - Retrying (Retry(total=0, connect=None, read=None, redirect=None, status=None)) after connection broken by 'NewConnectionError("HTTPConnection(host='localhost', port=51140): Failed to establish a new connection: [WinError 10061] No connection could be made because the target machine actively refused it")': /session/c2612627050f47648c0383d831a91840/execute/sync
2026-04-08 22:56:19,593 - WARNING - Retrying (Retry(total=2, connect=None, read=None, redirect=None, status=None)) after connection broken by 'NewConnectionError("HTTPConnection(host='localhost', port=51140): Failed to establish a new connection: [WinError 10061] No connection could be made because the target machine actively refused it")': /session/c2612627050f47648c0383d831a91840/execute/sync
2026-04-08 22:56:23,669 - WARNING - Retrying (Retry(total=1, connect=None, read=None, redirect=None, status=None)) after connection broken by 'NewConnectionError("HTTPConnection(host='localhost', port=51140): Failed to establish a new connection: [WinError 10061] No connection could be made because the target machine actively refused it")': /session/c2612627050f47648c0383d831a91840/execute/sync
2026-04-08 22:56:27,739 - WARNING - Retrying (Retry(total=0, connect=None, read=None, redirect=None, status=None)) after connection broken by 'NewConnectionError("HTTPConnection(host='localhost', port=51140): Failed to establish a new connection: [WinError 10061] No connection could be made because the target machine actively refused it")': /session/c2612627050f47648c0383d831a91840/execute/sync
2026-04-08 22:56:35,858 - WARNING - Retrying (Retry(total=2, connect=None, read=None, redirect=None, status=None)) after connection broken by 'NewConnectionError("HTTPConnection(host='localhost', port=51140): Failed to establish a new connection: [WinError 10061] No connection could be made because the target machine actively refused it")': /session/c2612627050f47648c0383d831a91840/execute/sync
2026-04-08 22:56:39,930 - WARNING - Retrying (Retry(total=1, connect=None, read=None, redirect=None, status=None)) after connection broken by 'NewConnectionError("HTTPConnection(host='localhost', port=51140): Failed to establish a new connection: [WinError 10061] No connection could be made because the target machine actively refused it")': /session/c2612627050f47648c0383d831a91840/execute/sync
2026-04-08 22:56:43,993 - WARNING - Retrying (Retry(total=0, connect=None, read=None, redirect=None, status=None)) after connection broken by 'NewConnectionError("HTTPConnection(host='localhost', port=51140): Failed to establish a new connection: [WinError 10061] No connection could be made because the target machine actively refused it")': /session/c2612627050f47648c0383d831a91840/execute/sync
2026-04-08 22:56:52,137 - WARNING - Retrying (Retry(total=2, connect=None, read=None, redirect=None, status=None)) after connection broken by 'NewConnectionError("HTTPConnection(host='localhost', port=51140): Failed to establish a new connection: [WinError 10061] No connection could be made because the target machine actively refused it")': /session/c2612627050f47648c0383d831a91840/execute/sync
2026-04-08 22:56:56,207 - WARNING - Retrying (Retry(total=1, connect=None, read=None, redirect=None, status=None)) after connection broken by 'NewConnectionError("HTTPConnection(host='localhost', port=51140): Failed to establish a new connection: [WinError 10061] No connection could be made because the target machine actively refused it")': /session/c2612627050f47648c0383d831a91840/execute/sync
2026-04-08 22:57:00,286 - WARNING - Retrying (Retry(total=0, connect=None, read=None, redirect=None, status=None)) after connection broken by 'NewConnectionError("HTTPConnection(host='localhost', port=51140): Failed to establish a new connection: [WinError 10061] No connection could be made because the target machine actively refused it")': /session/c2612627050f47648c0383d831a91840/execute/sync
2026-04-08 22:57:08,419 - WARNING - Retrying (Retry(total=2, connect=None, read=None, redirect=None, status=None)) after connection broken by 'NewConnectionError("HTTPConnection(host='localhost', port=51140): Failed to establish a new connection: [WinError 10061] No connection could be made because the target machine actively refused it")': /session/c2612627050f47648c0383d831a91840/execute/sync
2026-04-08 22:57:12,487 - WARNING - Retrying (Retry(total=1, connect=None, read=None, redirect=None, status=None)) after connection broken by 'NewConnectionError("HTTPConnection(host='localhost', port=51140): Failed to establish a new connection: [WinError 10061] No connection could be made because the target machine actively refused it")': /session/c2612627050f47648c0383d831a91840/execute/sync
2026-04-08 22:57:16,549 - WARNING - Retrying (Retry(total=0, connect=None, read=None, redirect=None, status=None)) after connection broken by 'NewConnectionError("HTTPConnection(host='localhost', port=51140): Failed to establish a new connection: [WinError 10061] No connection could be made because the target machine actively refused it")': /session/c2612627050f47648c0383d831a91840/execute/sync
2026-04-08 22:57:24,730 - WARNING - Retrying (Retry(total=2, connect=None, read=None, redirect=None, status=None)) after connection broken by 'NewConnectionError("HTTPConnection(host='localhost', port=51140): Failed to establish a new connection: [WinError 10061] No connection could be made because the target machine actively refused it")': /session/c2612627050f47648c0383d831a91840/execute/sync
2026-04-08 22:57:28,876 - WARNING - Retrying (Retry(total=1, connect=None, read=None, redirect=None, status=None)) after connection broken by 'NewConnectionError("HTTPConnection(host='localhost', port=51140): Failed to establish a new connection: [WinError 10061] No connection could be made because the target machine actively refused it")': /session/c2612627050f47648c0383d831a91840/execute/sync
2026-04-08 22:57:32,975 - WARNING - Retrying (Retry(total=0, connect=None, read=None, redirect=None, status=None)) after connection broken by 'NewConnectionError("HTTPConnection(host='localhost', port=51140): Failed to establish a new connection: [WinError 10061] No connection could be made because the target machine actively refused it")': /session/c2612627050f47648c0383d831a91840/execute/sync
2026-04-08 22:57:41,112 - WARNING - Retrying (Retry(total=2, connect=None, read=None, redirect=None, status=None)) after connection broken by 'NewConnectionError("HTTPConnection(host='localhost', port=51140): Failed to establish a new connection: [WinError 10061] No connection could be made because the target machine actively refused it")': /session/c2612627050f47648c0383d831a91840/execute/sync
2026-04-08 22:57:45,180 - WARNING - Retrying (Retry(total=1, connect=None, read=None, redirect=None, status=None)) after connection broken by 'NewConnectionError("HTTPConnection(host='localhost', port=51140): Failed to establish a new connection: [WinError 10061] No connection could be made because the target machine actively refused it")': /session/c2612627050f47648c0383d831a91840/execute/sync
2026-04-08 22:57:49,237 - WARNING - Retrying (Retry(total=0, connect=None, read=None, redirect=None, status=None)) after connection broken by 'NewConnectionError("HTTPConnection(host='localhost', port=51140): Failed to establish a new connection: [WinError 10061] No connection could be made because the target machine actively refused it")': /session/c2612627050f47648c0383d831a91840/execute/sync
2026-04-08 22:57:57,380 - WARNING - Retrying (Retry(total=2, connect=None, read=None, redirect=None, status=None)) after connection broken by 'NewConnectionError("HTTPConnection(host='localhost', port=51140): Failed to establish a new connection: [WinError 10061] No connection could be made because the target machine actively refused it")': /session/c2612627050f47648c0383d831a91840/execute/sync
2026-04-08 22:58:01,456 - WARNING - Retrying (Retry(total=1, connect=None, read=None, redirect=None, status=None)) after connection broken by 'NewConnectionError("HTTPConnection(host='localhost', port=51140): Failed to establish a new connection: [WinError 10061] No connection could be made because the target machine actively refused it")': /session/c2612627050f47648c0383d831a91840/execute/sync
2026-04-08 22:58:05,536 - WARNING - Retrying (Retry(total=0, connect=None, read=None, redirect=None, status=None)) after connection broken by 'NewConnectionError("HTTPConnection(host='localhost', port=51140): Failed to establish a new connection: [WinError 10061] No connection could be made because the target machine actively refused it")': /session/c2612627050f47648c0383d831a91840/execute/sync
2026-04-08 22:58:13,657 - WARNING - Retrying (Retry(total=2, connect=None, read=None, redirect=None, status=None)) after connection broken by 'NewConnectionError("HTTPConnection(host='localhost', port=51140): Failed to establish a new connection: [WinError 10061] No connection could be made because the target machine actively refused it")': /session/c2612627050f47648c0383d831a91840/execute/sync
2026-04-08 22:58:17,714 - WARNING - Retrying (Retry(total=1, connect=None, read=None, redirect=None, status=None)) after connection broken by 'NewConnectionError("HTTPConnection(host='localhost', port=51140): Failed to establish a new connection: [WinError 10061] No connection could be made because the target machine actively refused it")': /session/c2612627050f47648c0383d831a91840/execute/sync
2026-04-08 22:58:21,792 - WARNING - Retrying (Retry(total=0, connect=None, read=None, redirect=None, status=None)) after connection broken by 'NewConnectionError("HTTPConnection(host='localhost', port=51140): Failed to establish a new connection: [WinError 10061] No connection could be made because the target machine actively refused it")': /session/c2612627050f47648c0383d831a91840/execute/sync
2026-04-08 22:58:29,959 - WARNING - Retrying (Retry(total=2, connect=None, read=None, redirect=None, status=None)) after connection broken by 'NewConnectionError("HTTPConnection(host='localhost', port=51140): Failed to establish a new connection: [WinError 10061] No connection could be made because the target machine actively refused it")': /session/c2612627050f47648c0383d831a91840/execute/sync
2026-04-08 22:58:34,061 - WARNING - Retrying (Retry(total=1, connect=None, read=None, redirect=None, status=None)) after connection broken by 'NewConnectionError("HTTPConnection(host='localhost', port=51140): Failed to establish a new connection: [WinError 10061] No connection could be made because the target machine actively refused it")': /session/c2612627050f47648c0383d831a91840/execute/sync
2026-04-08 22:58:38,144 - WARNING - Retrying (Retry(total=0, connect=None, read=None, redirect=None, status=None)) after connection broken by 'NewConnectionError("HTTPConnection(host='localhost', port=51140): Failed to establish a new connection: [WinError 10061] No connection could be made because the target machine actively refused it")': /session/c2612627050f47648c0383d831a91840/execute/sync
2026-04-08 22:58:46,264 - WARNING - Retrying (Retry(total=2, connect=None, read=None, redirect=None, status=None)) after connection broken by 'NewConnectionError("HTTPConnection(host='localhost', port=51140): Failed to establish a new connection: [WinError 10061] No connection could be made because the target machine actively refused it")': /session/c2612627050f47648c0383d831a91840/execute/sync
